date,route,city,price,prev_price,delta,delta_pct,window_n,low,high,pct_rank,flag
2026-06-11,BKK-CAN,Guangzhou,6378,,,,1,6378,6378,,
2026-06-11,BKK-CEI,Chiang Rai,2563,,,,1,2563,2563,,
2026-06-11,BKK-CNX,Chiang Mai,2553,,,,1,2553,2553,,
2026-06-11,BKK-DAD,Da Nang,4074,,,,1,4074,4074,,
2026-06-11,BKK-HAN,Hanoi,4865,,,,1,4865,4865,,
2026-06-11,BKK-HKT,Phuket,910,,,,1,910,910,,
2026-06-11,BKK-HND,Tokyo (Haneda),12742,,,,1,12742,12742,,
2026-06-11,BKK-KBV,Krabi,1666,,,,1,1666,1666,,
2026-06-11,BKK-KIX,Osaka,10808,,,,1,10808,10808,,
2026-06-11,BKK-NRT,Tokyo (Narita),10281,,,,1,10281,10281,,
2026-06-11,BKK-PEK,Beijing,8761,,,,1,8761,8761,,
2026-06-11,BKK-PVG,Shanghai,7669,,,,1,7669,7669,,
2026-06-11,BKK-SGN,Ho Chi Minh City,5363,,,,1,5363,5363,,
2026-06-12,BKK-CAN,Guangzhou,6556,6378,178,2.8,2,6378,6556,100.0,
2026-06-12,BKK-CEI,Chiang Rai,2563,2563,0,0.0,2,2563,2563,0.0,
2026-06-12,BKK-CNX,Chiang Mai,2152,2553,-401,-15.7,2,2152,2553,0.0,
2026-06-12,BKK-DAD,Da Nang,4074,4074,0,0.0,2,4074,4074,0.0,
2026-06-12,BKK-HAN,Hanoi,4823,4865,-42,-0.9,2,4823,4865,0.0,
2026-06-12,BKK-HKT,Phuket,906,910,-4,-0.4,2,906,910,0.0,
2026-06-12,BKK-HND,Tokyo (Haneda),12922,12742,180,1.4,2,12742,12922,100.0,
2026-06-12,BKK-KBV,Krabi,1819,1666,153,9.2,2,1666,1819,100.0,
2026-06-12,BKK-KIX,Osaka,10808,10808,0,0.0,2,10808,10808,0.0,
2026-06-12,BKK-NRT,Tokyo (Narita),10281,10281,0,0.0,2,10281,10281,0.0,
2026-06-12,BKK-PEK,Beijing,8761,8761,0,0.0,2,8761,8761,0.0,
2026-06-12,BKK-PVG,Shanghai,7126,7669,-543,-7.1,2,7126,7669,0.0,
2026-06-12,BKK-SGN,Ho Chi Minh City,5363,5363,0,0.0,2,5363,5363,0.0,
2026-06-13,BKK-CAN,Guangzhou,6556,6556,0,0.0,3,6378,6556,50.0,
2026-06-13,BKK-CEI,Chiang Rai,2563,2563,0,0.0,3,2563,2563,0.0,
2026-06-13,BKK-CNX,Chiang Mai,2152,2152,0,0.0,3,2152,2553,0.0,
2026-06-13,BKK-DAD,Da Nang,4074,4074,0,0.0,3,4074,4074,0.0,
2026-06-13,BKK-HAN,Hanoi,4823,4823,0,0.0,3,4823,4865,0.0,
2026-06-13,BKK-HKT,Phuket,906,906,0,0.0,3,906,910,0.0,
2026-06-13,BKK-HND,Tokyo (Haneda),12915,12922,-7,-0.1,3,12742,12922,50.0,
2026-06-13,BKK-KBV,Krabi,1819,1819,0,0.0,3,1666,1819,50.0,
2026-06-13,BKK-KIX,Osaka,10808,10808,0,0.0,3,10808,10808,0.0,
2026-06-13,BKK-NRT,Tokyo (Narita),10281,10281,0,0.0,3,10281,10281,0.0,
2026-06-13,BKK-PEK,Beijing,8761,8761,0,0.0,3,8761,8761,0.0,
2026-06-13,BKK-PVG,Shanghai,7123,7126,-3,-0.0,3,7123,7669,0.0,
2026-06-13,BKK-SGN,Ho Chi Minh City,5139,5363,-224,-4.2,3,5139,5363,0.0,
2026-06-14,BKK-CAN,Guangzhou,6573,6556,17,0.3,4,6378,6573,100.0,
2026-06-14,BKK-CEI,Chiang Rai,2563,2563,0,0.0,4,2563,2563,0.0,
2026-06-14,BKK-CNX,Chiang Mai,2152,2152,0,0.0,4,2152,2553,0.0,
2026-06-14,BKK-DAD,Da Nang,4074,4074,0,0.0,4,4074,4074,0.0,
2026-06-14,BKK-HAN,Hanoi,4823,4823,0,0.0,4,4823,4865,0.0,
2026-06-14,BKK-HKT,Phuket,906,906,0,0.0,4,906,910,0.0,
2026-06-14,BKK-HND,Tokyo (Haneda),12780,12915,-135,-1.0,4,12742,12922,33.3,
2026-06-14,BKK-KBV,Krabi,1819,1819,0,0.0,4,1666,1819,33.3,
2026-06-14,BKK-KIX,Osaka,10742,10808,-66,-0.6,4,10742,10808,0.0,
2026-06-14,BKK-NRT,Tokyo (Narita),8767,10281,-1514,-14.7,4,8767,10281,0.0,
2026-06-14,BKK-PEK,Beijing,8761,8761,0,0.0,4,8761,8761,0.0,
2026-06-14,BKK-PVG,Shanghai,7123,7123,0,0.0,4,7123,7669,0.0,
2026-06-14,BKK-SGN,Ho Chi Minh City,5027,5139,-112,-2.2,4,5027,5363,0.0,
2026-06-15,BKK-CAN,Guangzhou,6573,6573,0,0.0,5,6378,6573,75.0,
2026-06-15,BKK-CEI,Chiang Rai,2521,2563,-42,-1.6,5,2521,2563,0.0,
2026-06-15,BKK-CNX,Chiang Mai,2152,2152,0,0.0,5,2152,2553,0.0,
2026-06-15,BKK-DAD,Da Nang,4400,4074,326,8.0,5,4074,4400,100.0,
2026-06-15,BKK-HAN,Hanoi,4823,4823,0,0.0,5,4823,4865,0.0,
2026-06-15,BKK-HKT,Phuket,906,906,0,0.0,5,906,910,0.0,
2026-06-15,BKK-HND,Tokyo (Haneda),12780,12780,0,0.0,5,12742,12922,25.0,
2026-06-15,BKK-KBV,Krabi,970,1819,-849,-46.7,5,970,1819,0.0,
2026-06-15,BKK-KIX,Osaka,10742,10742,0,0.0,5,10742,10808,0.0,
2026-06-15,BKK-NRT,Tokyo (Narita),10281,8767,1514,17.3,5,8767,10281,25.0,
2026-06-15,BKK-PEK,Beijing,8761,8761,0,0.0,5,8761,8761,0.0,
2026-06-15,BKK-PVG,Shanghai,7586,7123,463,6.5,5,7123,7669,75.0,
2026-06-15,BKK-SGN,Ho Chi Minh City,5027,5027,0,0.0,5,5027,5363,0.0,
2026-06-16,BKK-CAN,Guangzhou,6573,6573,0,0.0,6,6378,6573,60.0,
2026-06-16,BKK-CEI,Chiang Rai,2521,2521,0,0.0,6,2521,2563,0.0,
2026-06-16,BKK-CNX,Chiang Mai,2152,2152,0,0.0,6,2152,2553,0.0,
2026-06-16,BKK-DAD,Da Nang,4400,4400,0,0.0,6,4074,4400,80.0,
2026-06-16,BKK-HAN,Hanoi,4753,4823,-70,-1.5,6,4753,4865,0.0,
2026-06-16,BKK-HKT,Phuket,906,906,0,0.0,6,906,910,0.0,
2026-06-16,BKK-HND,Tokyo (Haneda),12291,12780,-489,-3.8,6,12291,12922,0.0,
2026-06-16,BKK-KBV,Krabi,1732,970,762,78.6,6,970,1819,40.0,
2026-06-16,BKK-KIX,Osaka,11022,10742,280,2.6,6,10742,11022,100.0,
2026-06-16,BKK-NRT,Tokyo (Narita),10281,10281,0,0.0,6,8767,10281,20.0,
2026-06-16,BKK-PEK,Beijing,9169,8761,408,4.7,6,8761,9169,100.0,
2026-06-16,BKK-PVG,Shanghai,7594,7586,8,0.1,6,7123,7669,80.0,
2026-06-16,BKK-SGN,Ho Chi Minh City,5027,5027,0,0.0,6,5027,5363,0.0,
2026-06-17,BKK-CAN,Guangzhou,7060,6573,487,7.4,7,6378,7060,100.0,high in 7
2026-06-17,BKK-CEI,Chiang Rai,2356,2521,-165,-6.5,7,2356,2563,0.0,low in 7
2026-06-17,BKK-CNX,Chiang Mai,2152,2152,0,0.0,7,2152,2553,0.0,low in 7
2026-06-17,BKK-DAD,Da Nang,4421,4400,21,0.5,7,4074,4421,100.0,high in 7
2026-06-17,BKK-HAN,Hanoi,4691,4753,-62,-1.3,7,4691,4865,0.0,low in 7
2026-06-17,BKK-HKT,Phuket,906,906,0,0.0,7,906,910,0.0,low in 7
2026-06-17,BKK-HND,Tokyo (Haneda),12295,12291,4,0.0,7,12291,12922,16.7,
2026-06-17,BKK-KBV,Krabi,1423,1732,-309,-17.8,7,970,1819,16.7,
2026-06-17,BKK-KIX,Osaka,11022,11022,0,0.0,7,10742,11022,83.3,high in 7
2026-06-17,BKK-NRT,Tokyo (Narita),11254,10281,973,9.5,7,8767,11254,100.0,high in 7
2026-06-17,BKK-PEK,Beijing,9002,9169,-167,-1.8,7,8761,9169,83.3,
2026-06-17,BKK-PVG,Shanghai,7489,7594,-105,-1.4,7,7123,7669,50.0,
2026-06-17,BKK-SGN,Ho Chi Minh City,5027,5027,0,0.0,7,5027,5363,0.0,low in 7
2026-06-19,BKK-CAN,Guangzhou,6354,7060,-706,-10.0,8,6354,7060,0.0,low in 8
2026-06-19,BKK-CEI,Chiang Rai,2365,2356,9,0.4,8,2356,2563,14.3,
2026-06-19,BKK-CNX,Chiang Mai,2251,2152,99,4.6,8,2152,2553,85.7,
2026-06-19,BKK-DAD,Da Nang,4437,4421,16,0.4,8,4074,4437,100.0,high in 8
2026-06-19,BKK-HAN,Hanoi,4754,4691,63,1.3,8,4691,4865,28.6,
2026-06-19,BKK-HKT,Phuket,1262,906,356,39.3,8,906,1262,100.0,high in 8
2026-06-19,BKK-HND,Tokyo (Haneda),11899,12295,-396,-3.2,8,11899,12922,0.0,low in 8
2026-06-19,BKK-KBV,Krabi,1428,1423,5,0.4,8,970,1819,28.6,
2026-06-19,BKK-KIX,Osaka,10878,11022,-144,-1.3,8,10742,11022,71.4,
2026-06-19,BKK-NRT,Tokyo (Narita),11254,11254,0,0.0,8,8767,11254,85.7,high in 8
2026-06-19,BKK-PEK,Beijing,9169,9002,167,1.9,8,8761,9169,85.7,high in 8
2026-06-19,BKK-PVG,Shanghai,6788,7489,-701,-9.4,8,6788,7669,0.0,low in 8
2026-06-19,BKK-SGN,Ho Chi Minh City,5015,5027,-12,-0.2,8,5015,5363,0.0,low in 8
2026-06-21,BKK-CAN,Guangzhou,6354,6354,0,0.0,9,6354,7060,0.0,low in 9
2026-06-21,BKK-CEI,Chiang Rai,2672,2365,307,13.0,9,2356,2672,100.0,high in 9
2026-06-21,BKK-CNX,Chiang Mai,2251,2251,0,0.0,9,2152,2553,75.0,
2026-06-21,BKK-DAD,Da Nang,4437,4437,0,0.0,9,4074,4437,87.5,high in 9
2026-06-21,BKK-HAN,Hanoi,4754,4754,0,0.0,9,4691,4865,25.0,
2026-06-21,BKK-HKT,Phuket,1291,1262,29,2.3,9,906,1291,100.0,high in 9
2026-06-21,BKK-HND,Tokyo (Haneda),11253,11899,-646,-5.4,9,11253,12922,0.0,low in 9
2026-06-21,BKK-KBV,Krabi,1428,1428,0,0.0,9,970,1819,25.0,
2026-06-21,BKK-KIX,Osaka,10882,10878,4,0.0,9,10742,11022,75.0,
2026-06-21,BKK-NRT,Tokyo (Narita),11254,11254,0,0.0,9,8767,11254,75.0,high in 9
2026-06-21,BKK-PEK,Beijing,9670,9169,501,5.5,9,8761,9670,100.0,high in 9
2026-06-21,BKK-PVG,Shanghai,6788,6788,0,0.0,9,6788,7669,0.0,low in 9
2026-06-21,BKK-SGN,Ho Chi Minh City,5017,5015,2,0.0,9,5015,5363,12.5,
2026-06-22,BKK-CAN,Guangzhou,6354,6354,0,0.0,10,6354,7060,0.0,low in 10
2026-06-22,BKK-CEI,Chiang Rai,2672,2672,0,0.0,10,2356,2672,88.9,high in 10
2026-06-22,BKK-CNX,Chiang Mai,2251,2251,0,0.0,10,2152,2553,66.7,
2026-06-22,BKK-DAD,Da Nang,4437,4437,0,0.0,10,4074,4437,77.8,high in 10
2026-06-22,BKK-HAN,Hanoi,4754,4754,0,0.0,10,4691,4865,22.2,
2026-06-22,BKK-HKT,Phuket,1378,1291,87,6.7,10,906,1378,100.0,high in 10
2026-06-22,BKK-HND,Tokyo (Haneda),11253,11253,0,0.0,10,11253,12922,0.0,low in 10
2026-06-22,BKK-KBV,Krabi,1428,1428,0,0.0,10,970,1819,22.2,
2026-06-22,BKK-KIX,Osaka,10882,10882,0,0.0,10,10742,11022,66.7,
2026-06-22,BKK-NRT,Tokyo (Narita),11254,11254,0,0.0,10,8767,11254,66.7,high in 10
2026-06-22,BKK-PEK,Beijing,9200,9670,-470,-4.9,10,8761,9670,88.9,
2026-06-22,BKK-PVG,Shanghai,7216,6788,428,6.3,10,6788,7669,55.6,
2026-06-22,BKK-SGN,Ho Chi Minh City,5017,5017,0,0.0,10,5015,5363,11.1,
2026-06-23,BKK-CAN,Guangzhou,6354,6354,0,0.0,11,6354,7060,0.0,low in 11
2026-06-23,BKK-CEI,Chiang Rai,2672,2672,0,0.0,11,2356,2672,80.0,high in 11
2026-06-23,BKK-CNX,Chiang Mai,2638,2251,387,17.2,11,2152,2638,100.0,high in 11
2026-06-23,BKK-DAD,Da Nang,4437,4437,0,0.0,11,4074,4437,70.0,high in 11
2026-06-23,BKK-HAN,Hanoi,4911,4754,157,3.3,11,4691,4911,100.0,high in 11
2026-06-23,BKK-HKT,Phuket,1479,1378,101,7.3,11,906,1479,100.0,high in 11
2026-06-23,BKK-HND,Tokyo (Haneda),11253,11253,0,0.0,11,11253,12922,0.0,low in 11
2026-06-23,BKK-KBV,Krabi,1428,1428,0,0.0,11,970,1819,20.0,
2026-06-23,BKK-KIX,Osaka,10882,10882,0,0.0,11,10742,11022,60.0,
2026-06-23,BKK-NRT,Tokyo (Narita),11140,11254,-114,-1.0,11,8767,11254,60.0,
2026-06-23,BKK-PEK,Beijing,8810,9200,-390,-4.2,11,8761,9670,50.0,
2026-06-23,BKK-PVG,Shanghai,7192,7216,-24,-0.3,11,6788,7669,50.0,
2026-06-23,BKK-SGN,Ho Chi Minh City,5017,5017,0,0.0,11,5015,5363,10.0,
2026-06-24,BKK-CAN,Guangzhou,6354,6354,0,0.0,12,6354,7060,0.0,low in 12
2026-06-24,BKK-CEI,Chiang Rai,2390,2672,-282,-10.6,12,2356,2672,18.2,
2026-06-24,BKK-CNX,Chiang Mai,2637,2638,-1,-0.0,12,2152,2638,90.9,
2026-06-24,BKK-DAD,Da Nang,4530,4437,93,2.1,12,4074,4530,100.0,high in 12
2026-06-24,BKK-HAN,Hanoi,4910,4911,-1,-0.0,12,4691,4911,90.9,
2026-06-24,BKK-HKT,Phuket,1545,1479,66,4.5,12,906,1545,100.0,high in 12
2026-06-24,BKK-HND,Tokyo (Haneda),11253,11253,0,0.0,12,11253,12922,0.0,low in 12
2026-06-24,BKK-KBV,Krabi,1739,1428,311,21.8,12,970,1819,72.7,
2026-06-24,BKK-KIX,Osaka,10882,10882,0,0.0,12,10742,11022,54.5,
2026-06-24,BKK-NRT,Tokyo (Narita),11137,11140,-3,-0.0,12,8767,11254,54.5,
2026-06-24,BKK-PEK,Beijing,8810,8810,0,0.0,12,8761,9670,45.5,
2026-06-24,BKK-PVG,Shanghai,7192,7192,0,0.0,12,6788,7669,45.5,
2026-06-24,BKK-SGN,Ho Chi Minh City,5017,5017,0,0.0,12,5015,5363,9.1,
2026-06-25,BKK-CAN,Guangzhou,6615,6354,261,4.1,13,6354,7060,91.7,
2026-06-25,BKK-CEI,Chiang Rai,2389,2390,-1,-0.0,13,2356,2672,16.7,
2026-06-25,BKK-CNX,Chiang Mai,2637,2637,0,0.0,13,2152,2638,83.3,
2026-06-25,BKK-DAD,Da Nang,4530,4530,0,0.0,13,4074,4530,91.7,high in 13
2026-06-25,BKK-HAN,Hanoi,4910,4910,0,0.0,13,4691,4911,83.3,
2026-06-25,BKK-HKT,Phuket,1545,1545,0,0.0,13,906,1545,91.7,high in 13
2026-06-25,BKK-HND,Tokyo (Haneda),11823,11253,570,5.1,13,11253,12922,33.3,
2026-06-25,BKK-KBV,Krabi,1739,1739,0,0.0,13,970,1819,66.7,
2026-06-25,BKK-KIX,Osaka,10882,10882,0,0.0,13,10742,11022,50.0,
2026-06-25,BKK-NRT,Tokyo (Narita),11137,11137,0,0.0,13,8767,11254,50.0,
2026-06-25,BKK-PEK,Beijing,9507,8810,697,7.9,13,8761,9670,91.7,
2026-06-25,BKK-PVG,Shanghai,7192,7192,0,0.0,13,6788,7669,41.7,
2026-06-25,BKK-SGN,Ho Chi Minh City,5017,5017,0,0.0,13,5015,5363,8.3,
2026-06-26,BKK-CAN,Guangzhou,6410,6615,-205,-3.1,14,6354,7060,46.2,
2026-06-26,BKK-CEI,Chiang Rai,2389,2389,0,0.0,14,2356,2672,15.4,
2026-06-26,BKK-CNX,Chiang Mai,2478,2637,-159,-6.0,14,2152,2638,69.2,
2026-06-26,BKK-DAD,Da Nang,4462,4530,-68,-1.5,14,4074,4530,84.6,
2026-06-26,BKK-HAN,Hanoi,4944,4910,34,0.7,14,4691,4944,100.0,high in 14
2026-06-26,BKK-HKT,Phuket,1545,1545,0,0.0,14,906,1545,84.6,high in 14
2026-06-26,BKK-HND,Tokyo (Haneda),11810,11823,-13,-0.1,14,11253,12922,30.8,
2026-06-26,BKK-KBV,Krabi,2149,1739,410,23.6,14,970,2149,100.0,high in 14
2026-06-26,BKK-KIX,Osaka,10957,10882,75,0.7,14,10742,11022,84.6,
2026-06-26,BKK-NRT,Tokyo (Narita),10904,11137,-233,-2.1,14,8767,11254,46.2,
2026-06-26,BKK-PEK,Beijing,9574,9507,67,0.7,14,8761,9670,92.3,
2026-06-26,BKK-PVG,Shanghai,7192,7192,0,0.0,14,6788,7669,38.5,
2026-06-26,BKK-SGN,Ho Chi Minh City,5146,5017,129,2.6,14,5015,5363,84.6,
2026-06-27,BKK-CAN,Guangzhou,6167,6410,-243,-3.8,15,6167,7060,0.0,low in 15
2026-06-27,BKK-CEI,Chiang Rai,2389,2389,0,0.0,15,2356,2672,14.3,
2026-06-27,BKK-CNX,Chiang Mai,2478,2478,0,0.0,15,2152,2638,64.3,
2026-06-27,BKK-DAD,Da Nang,4464,4462,2,0.0,15,4074,4530,85.7,
2026-06-27,BKK-HAN,Hanoi,4808,4944,-136,-2.8,15,4691,4944,35.7,
2026-06-27,BKK-HKT,Phuket,1390,1545,-155,-10.0,15,906,1545,71.4,
2026-06-27,BKK-HND,Tokyo (Haneda),11202,11810,-608,-5.1,15,11202,12922,0.0,low in 15
2026-06-27,BKK-KBV,Krabi,2150,2149,1,0.0,15,970,2150,100.0,high in 15
2026-06-27,BKK-KIX,Osaka,10962,10957,5,0.0,15,10742,11022,85.7,
2026-06-27,BKK-NRT,Tokyo (Narita),10904,10904,0,0.0,15,8767,11254,42.9,
2026-06-27,BKK-PEK,Beijing,9574,9574,0,0.0,15,8761,9670,85.7,
2026-06-27,BKK-PVG,Shanghai,7192,7192,0,0.0,15,6788,7669,35.7,
2026-06-27,BKK-SGN,Ho Chi Minh City,5118,5146,-28,-0.5,15,5015,5363,71.4,
2026-06-29,BKK-CAN,Guangzhou,6167,6167,0,0.0,16,6167,7060,0.0,low in 16
2026-06-29,BKK-CEI,Chiang Rai,2389,2389,0,0.0,16,2356,2672,13.3,
2026-06-29,BKK-CNX,Chiang Mai,2478,2478,0,0.0,16,2152,2638,60.0,
2026-06-29,BKK-DAD,Da Nang,4301,4464,-163,-3.7,16,4074,4530,26.7,
2026-06-29,BKK-HAN,Hanoi,4724,4808,-84,-1.7,16,4691,4944,6.7,
2026-06-29,BKK-HKT,Phuket,1390,1390,0,0.0,16,906,1545,66.7,
2026-06-29,BKK-HND,Tokyo (Haneda),11202,11202,0,0.0,16,11202,12922,0.0,low in 16
2026-06-29,BKK-KBV,Krabi,2150,2150,0,0.0,16,970,2150,93.3,high in 16
2026-06-29,BKK-KIX,Osaka,10962,10962,0,0.0,16,10742,11022,80.0,
2026-06-29,BKK-NRT,Tokyo (Narita),10904,10904,0,0.0,16,8767,11254,40.0,
2026-06-29,BKK-PEK,Beijing,9238,9574,-336,-3.5,16,8761,9670,73.3,
2026-06-29,BKK-PVG,Shanghai,7192,7192,0,0.0,16,6788,7669,33.3,
2026-06-29,BKK-SGN,Ho Chi Minh City,4598,5118,-520,-10.2,16,4598,5363,0.0,low in 16
2026-06-30,BKK-CAN,Guangzhou,6167,6167,0,0.0,17,6167,7060,0.0,low in 17
2026-06-30,BKK-CEI,Chiang Rai,2389,2389,0,0.0,17,2356,2672,12.5,
2026-06-30,BKK-CNX,Chiang Mai,2478,2478,0,0.0,17,2152,2638,56.2,
2026-06-30,BKK-DAD,Da Nang,4301,4301,0,0.0,17,4074,4530,25.0,
2026-06-30,BKK-HAN,Hanoi,4724,4724,0,0.0,17,4691,4944,6.2,
2026-06-30,BKK-HKT,Phuket,1405,1390,15,1.1,17,906,1545,75.0,
2026-06-30,BKK-HND,Tokyo (Haneda),11202,11202,0,0.0,17,11202,12922,0.0,low in 17
2026-06-30,BKK-KBV,Krabi,2150,2150,0,0.0,17,970,2150,87.5,high in 17
2026-06-30,BKK-KIX,Osaka,9636,10962,-1326,-12.1,17,9636,11022,0.0,low in 17
2026-06-30,BKK-NRT,Tokyo (Narita),9147,10904,-1757,-16.1,17,8767,11254,6.2,
2026-06-30,BKK-PEK,Beijing,9238,9238,0,0.0,17,8761,9670,68.8,
2026-06-30,BKK-PVG,Shanghai,7330,7192,138,1.9,17,6788,7669,75.0,
2026-06-30,BKK-SGN,Ho Chi Minh City,4598,4598,0,0.0,17,4598,5363,0.0,low in 17
2026-07-01,BKK-CAN,Guangzhou,6124,6167,-43,-0.7,18,6124,7060,0.0,low in 18
2026-07-01,BKK-CEI,Chiang Rai,2754,2389,365,15.3,18,2356,2754,100.0,high in 18
2026-07-01,BKK-CNX,Chiang Mai,2478,2478,0,0.0,18,2152,2638,52.9,
2026-07-01,BKK-DAD,Da Nang,4301,4301,0,0.0,18,4074,4530,23.5,
2026-07-01,BKK-HAN,Hanoi,4724,4724,0,0.0,18,4691,4944,5.9,
2026-07-01,BKK-HKT,Phuket,1550,1405,145,10.3,18,906,1550,100.0,high in 18
2026-07-01,BKK-HND,Tokyo (Haneda),11202,11202,0,0.0,18,11202,12922,0.0,low in 18
2026-07-01,BKK-KBV,Krabi,2150,2150,0,0.0,18,970,2150,82.4,high in 18
2026-07-01,BKK-KIX,Osaka,9623,9636,-13,-0.1,18,9623,11022,0.0,low in 18
2026-07-01,BKK-NRT,Tokyo (Narita),9136,9147,-11,-0.1,18,8767,11254,5.9,
2026-07-01,BKK-PEK,Beijing,8665,9238,-573,-6.2,18,8665,9670,0.0,low in 18
2026-07-01,BKK-PVG,Shanghai,7330,7330,0,0.0,18,6788,7669,70.6,
2026-07-01,BKK-SGN,Ho Chi Minh City,4598,4598,0,0.0,18,4598,5363,0.0,low in 18
2026-07-02,BKK-CAN,Guangzhou,5970,6124,-154,-2.5,19,5970,7060,0.0,low in 19
2026-07-02,BKK-CEI,Chiang Rai,2754,2754,0,0.0,19,2356,2754,94.4,high in 19
2026-07-02,BKK-CNX,Chiang Mai,2478,2478,0,0.0,19,2152,2638,50.0,
2026-07-02,BKK-DAD,Da Nang,4428,4301,127,3.0,19,4074,4530,55.6,
2026-07-02,BKK-HAN,Hanoi,4724,4724,0,0.0,19,4691,4944,5.6,
2026-07-02,BKK-HKT,Phuket,1552,1550,2,0.1,19,906,1552,100.0,high in 19
2026-07-02,BKK-HND,Tokyo (Haneda),11202,11202,0,0.0,19,11202,12922,0.0,low in 19
2026-07-02,BKK-KBV,Krabi,2150,2150,0,0.0,19,970,2150,77.8,high in 19
2026-07-02,BKK-KIX,Osaka,9623,9623,0,0.0,19,9623,11022,0.0,low in 19
2026-07-02,BKK-NRT,Tokyo (Narita),9136,9136,0,0.0,19,8767,11254,5.6,
2026-07-02,BKK-PEK,Beijing,8665,8665,0,0.0,19,8665,9670,0.0,low in 19
2026-07-02,BKK-PVG,Shanghai,7330,7330,0,0.0,19,6788,7669,66.7,
2026-07-02,BKK-SGN,Ho Chi Minh City,4598,4598,0,0.0,19,4598,5363,0.0,low in 19
2026-07-04,BKK-CAN,Guangzhou,5652,5970,-318,-5.3,20,5652,7060,0.0,low in 20
2026-07-04,BKK-CEI,Chiang Rai,2530,2754,-224,-8.1,20,2356,2754,52.6,
2026-07-04,BKK-CNX,Chiang Mai,2080,2478,-398,-16.1,20,2080,2638,0.0,low in 20
2026-07-04,BKK-DAD,Da Nang,4428,4428,0,0.0,20,4074,4530,52.6,
2026-07-04,BKK-HAN,Hanoi,4774,4724,50,1.1,20,4691,4944,47.4,
2026-07-04,BKK-HKT,Phuket,1649,1552,97,6.2,20,906,1649,100.0,high in 20
2026-07-04,BKK-HND,Tokyo (Haneda),12513,11202,1311,11.7,20,11202,12922,73.7,
2026-07-04,BKK-KBV,Krabi,2355,2150,205,9.5,20,970,2355,100.0,high in 20
2026-07-04,BKK-KIX,Osaka,9623,9623,0,0.0,20,9623,11022,0.0,low in 20
2026-07-04,BKK-NRT,Tokyo (Narita),9136,9136,0,0.0,20,8767,11254,5.3,
2026-07-04,BKK-PEK,Beijing,8665,8665,0,0.0,20,8665,9670,0.0,low in 20
2026-07-04,BKK-PVG,Shanghai,7551,7330,221,3.0,20,6788,7669,84.2,
2026-07-04,BKK-SGN,Ho Chi Minh City,4704,4598,106,2.3,20,4598,5363,21.1,
2026-07-05,BKK-CAN,Guangzhou,5652,5652,0,0.0,21,5652,7060,0.0,low in 21
2026-07-05,BKK-CEI,Chiang Rai,2530,2530,0,0.0,21,2356,2754,50.0,
2026-07-05,BKK-CNX,Chiang Mai,2080,2080,0,0.0,21,2080,2638,0.0,low in 21
2026-07-05,BKK-DAD,Da Nang,4416,4428,-12,-0.3,21,4074,4530,45.0,
2026-07-05,BKK-HAN,Hanoi,4778,4774,4,0.1,21,4691,4944,50.0,
2026-07-05,BKK-HKT,Phuket,1649,1649,0,0.0,21,906,1649,95.0,high in 21
2026-07-05,BKK-HND,Tokyo (Haneda),12513,12513,0,0.0,21,11202,12922,70.0,
2026-07-05,BKK-KBV,Krabi,2282,2355,-73,-3.1,21,970,2355,95.0,
2026-07-05,BKK-KIX,Osaka,9623,9623,0,0.0,21,9623,11022,0.0,low in 21
2026-07-05,BKK-NRT,Tokyo (Narita),9136,9136,0,0.0,21,8767,11254,5.0,
2026-07-05,BKK-PEK,Beijing,8665,8665,0,0.0,21,8665,9670,0.0,low in 21
2026-07-05,BKK-PVG,Shanghai,7633,7551,82,1.1,21,6788,7669,95.0,
2026-07-05,BKK-SGN,Ho Chi Minh City,4704,4704,0,0.0,21,4598,5363,20.0,
2026-07-06,BKK-CAN,Guangzhou,5652,5652,0,0.0,22,5652,7060,0.0,low in 22
2026-07-06,BKK-CEI,Chiang Rai,2530,2530,0,0.0,22,2356,2754,47.6,
2026-07-06,BKK-CNX,Chiang Mai,2080,2080,0,0.0,22,2080,2638,0.0,low in 22
2026-07-06,BKK-DAD,Da Nang,4416,4416,0,0.0,22,4074,4530,42.9,
2026-07-06,BKK-HAN,Hanoi,4747,4778,-31,-0.6,22,4691,4944,23.8,
2026-07-06,BKK-HKT,Phuket,1516,1649,-133,-8.1,22,906,1649,66.7,
2026-07-06,BKK-HND,Tokyo (Haneda),12561,12513,48,0.4,22,11202,12922,76.2,
2026-07-06,BKK-KBV,Krabi,2282,2282,0,0.0,22,970,2355,90.5,
2026-07-06,BKK-KIX,Osaka,9623,9623,0,0.0,22,9623,11022,0.0,low in 22
2026-07-06,BKK-NRT,Tokyo (Narita),9136,9136,0,0.0,22,8767,11254,4.8,
2026-07-06,BKK-PEK,Beijing,8665,8665,0,0.0,22,8665,9670,0.0,low in 22
2026-07-06,BKK-PVG,Shanghai,7632,7633,-1,-0.0,22,6788,7669,90.5,
2026-07-06,BKK-SGN,Ho Chi Minh City,4704,4704,0,0.0,22,4598,5363,19.0,
2026-07-07,BKK-CAN,Guangzhou,5674,5652,22,0.4,23,5652,7060,13.6,
2026-07-07,BKK-CEI,Chiang Rai,2530,2530,0,0.0,23,2356,2754,45.5,
2026-07-07,BKK-CNX,Chiang Mai,2080,2080,0,0.0,23,2080,2638,0.0,low in 23
2026-07-07,BKK-DAD,Da Nang,4416,4416,0,0.0,23,4074,4530,40.9,
2026-07-07,BKK-HAN,Hanoi,4747,4747,0,0.0,23,4691,4944,22.7,
2026-07-07,BKK-HKT,Phuket,1528,1516,12,0.8,23,906,1649,68.2,
2026-07-07,BKK-HND,Tokyo (Haneda),12350,12561,-211,-1.7,23,11202,12922,63.6,
2026-07-07,BKK-KBV,Krabi,2254,2282,-28,-1.2,23,970,2355,86.4,
2026-07-07,BKK-KIX,Osaka,9623,9623,0,0.0,23,9623,11022,0.0,low in 23
2026-07-07,BKK-NRT,Tokyo (Narita),10044,9136,908,9.9,23,8767,11254,31.8,
2026-07-07,BKK-PEK,Beijing,8711,8665,46,0.5,23,8665,9670,22.7,
2026-07-07,BKK-PVG,Shanghai,7632,7632,0,0.0,23,6788,7669,86.4,
2026-07-07,BKK-SGN,Ho Chi Minh City,4704,4704,0,0.0,23,4598,5363,18.2,
2026-07-08,BKK-CAN,Guangzhou,5565,5674,-109,-1.9,24,5565,7060,0.0,low in 24
2026-07-08,BKK-CEI,Chiang Rai,1998,2530,-532,-21.0,24,1998,2754,0.0,low in 24
2026-07-08,BKK-CNX,Chiang Mai,2005,2080,-75,-3.6,24,2005,2638,0.0,low in 24
2026-07-08,BKK-DAD,Da Nang,4416,4416,0,0.0,24,4074,4530,39.1,
2026-07-08,BKK-HAN,Hanoi,3984,4747,-763,-16.1,24,3984,4944,0.0,low in 24
2026-07-08,BKK-HKT,Phuket,1181,1528,-347,-22.7,24,906,1649,30.4,
2026-07-08,BKK-HND,Tokyo (Haneda),12371,12350,21,0.2,24,11202,12922,65.2,
2026-07-08,BKK-KBV,Krabi,2264,2254,10,0.4,24,970,2355,87.0,
2026-07-08,BKK-KIX,Osaka,9998,9623,375,3.9,24,9623,11022,30.4,
2026-07-08,BKK-NRT,Tokyo (Narita),8543,10044,-1501,-14.9,24,8543,11254,0.0,low in 24
2026-07-08,BKK-PEK,Beijing,9001,8711,290,3.3,24,8665,9670,56.5,
2026-07-08,BKK-PVG,Shanghai,6910,7632,-722,-9.5,24,6788,7669,8.7,
2026-07-08,BKK-SGN,Ho Chi Minh City,4704,4704,0,0.0,24,4598,5363,17.4,
2026-07-09,BKK-CAN,Guangzhou,5562,5565,-3,-0.1,25,5562,7060,0.0,low in 25
2026-07-09,BKK-CEI,Chiang Rai,1997,1998,-1,-0.1,25,1997,2754,0.0,low in 25
2026-07-09,BKK-CNX,Chiang Mai,2005,2005,0,0.0,25,2005,2638,0.0,low in 25
2026-07-09,BKK-DAD,Da Nang,4561,4416,145,3.3,25,4074,4561,100.0,high in 25
2026-07-09,BKK-HAN,Hanoi,3982,3984,-2,-0.1,25,3982,4944,0.0,low in 25
2026-07-09,BKK-HKT,Phuket,1528,1181,347,29.4,25,906,1649,66.7,
2026-07-09,BKK-HND,Tokyo (Haneda),12332,12371,-39,-0.3,25,11202,12922,58.3,
2026-07-09,BKK-KBV,Krabi,2256,2264,-8,-0.4,25,970,2355,83.3,
2026-07-09,BKK-KIX,Osaka,9998,9998,0,0.0,25,9623,11022,29.2,
2026-07-09,BKK-NRT,Tokyo (Narita),8539,8543,-4,-0.0,25,8539,11254,0.0,low in 25
2026-07-09,BKK-PEK,Beijing,9290,9001,289,3.2,25,8665,9670,83.3,
2026-07-09,BKK-PVG,Shanghai,6907,6910,-3,-0.0,25,6788,7669,8.3,
2026-07-09,BKK-SGN,Ho Chi Minh City,4704,4704,0,0.0,25,4598,5363,16.7,
2026-07-10,BKK-CAN,Guangzhou,5562,5562,0,0.0,26,5562,7060,0.0,low in 26
2026-07-10,BKK-CEI,Chiang Rai,1997,1997,0,0.0,26,1997,2754,0.0,low in 26
2026-07-10,BKK-CNX,Chiang Mai,2005,2005,0,0.0,26,2005,2638,0.0,low in 26
2026-07-10,BKK-DAD,Da Nang,4561,4561,0,0.0,26,4074,4561,96.0,high in 26
2026-07-10,BKK-HAN,Hanoi,3982,3982,0,0.0,26,3982,4944,0.0,low in 26
2026-07-10,BKK-HKT,Phuket,1528,1528,0,0.0,26,906,1649,64.0,
2026-07-10,BKK-HND,Tokyo (Haneda),12303,12332,-29,-0.2,26,11202,12922,56.0,
2026-07-10,BKK-KBV,Krabi,2251,2256,-5,-0.2,26,970,2355,76.0,
2026-07-10,BKK-KIX,Osaka,9832,9998,-166,-1.7,26,9623,11022,28.0,
2026-07-10,BKK-NRT,Tokyo (Narita),8539,8539,0,0.0,26,8539,11254,0.0,low in 26
2026-07-10,BKK-PEK,Beijing,8965,9290,-325,-3.5,26,8665,9670,52.0,
2026-07-10,BKK-PVG,Shanghai,6907,6907,0,0.0,26,6788,7669,8.0,
2026-07-10,BKK-SGN,Ho Chi Minh City,4704,4704,0,0.0,26,4598,5363,16.0,
2026-07-13,BKK-CAN,Guangzhou,5562,5562,0,0.0,27,5562,7060,0.0,low in 27
2026-07-13,BKK-CEI,Chiang Rai,2140,1997,143,7.2,27,1997,2754,11.5,
2026-07-13,BKK-CNX,Chiang Mai,1699,2005,-306,-15.3,27,1699,2638,0.0,low in 27
2026-07-13,BKK-DAD,Da Nang,4537,4561,-24,-0.5,27,4074,4561,92.3,
2026-07-13,BKK-HAN,Hanoi,4179,3982,197,4.9,27,3982,4944,11.5,
2026-07-13,BKK-HKT,Phuket,1592,1528,64,4.2,27,906,1649,92.3,
2026-07-13,BKK-HND,Tokyo (Haneda),12303,12303,0,0.0,27,11202,12922,53.8,
2026-07-13,BKK-KBV,Krabi,2241,2251,-10,-0.4,27,970,2355,73.1,
2026-07-13,BKK-KIX,Osaka,9825,9832,-7,-0.1,27,9623,11022,26.9,
2026-07-13,BKK-NRT,Tokyo (Narita),8539,8539,0,0.0,27,8539,11254,0.0,low in 27
2026-07-13,BKK-PEK,Beijing,8575,8965,-390,-4.4,27,8575,9670,0.0,low in 27
2026-07-13,BKK-PVG,Shanghai,6907,6907,0,0.0,27,6788,7669,7.7,
2026-07-13,BKK-SGN,Ho Chi Minh City,4107,4704,-597,-12.7,27,4107,5363,0.0,low in 27
2026-07-14,BKK-CAN,Guangzhou,5562,5562,0,0.0,28,5562,7060,0.0,low in 28
2026-07-14,BKK-CEI,Chiang Rai,2140,2140,0,0.0,28,1997,2754,11.1,
2026-07-14,BKK-CNX,Chiang Mai,2005,1699,306,18.0,28,1699,2638,3.7,
2026-07-14,BKK-DAD,Da Nang,4537,4537,0,0.0,28,4074,4561,88.9,
2026-07-14,BKK-HAN,Hanoi,4179,4179,0,0.0,28,3982,4944,11.1,
2026-07-14,BKK-HKT,Phuket,1599,1592,7,0.4,28,906,1649,92.6,
2026-07-14,BKK-HND,Tokyo (Haneda),12303,12303,0,0.0,28,11202,12922,51.9,
2026-07-14,BKK-KBV,Krabi,1940,2241,-301,-13.4,28,970,2355,48.1,
2026-07-14,BKK-KIX,Osaka,9328,9825,-497,-5.1,28,9328,11022,0.0,low in 28
2026-07-14,BKK-NRT,Tokyo (Narita),8539,8539,0,0.0,28,8539,11254,0.0,low in 28
2026-07-14,BKK-PEK,Beijing,8609,8575,34,0.4,28,8575,9670,3.7,
2026-07-14,BKK-PVG,Shanghai,6907,6907,0,0.0,28,6788,7669,7.4,
2026-07-14,BKK-SGN,Ho Chi Minh City,4107,4107,0,0.0,28,4107,5363,0.0,low in 28
2026-07-16,BKK-CAN,Guangzhou,5726,5562,164,2.9,29,5562,7060,32.1,
2026-07-16,BKK-CEI,Chiang Rai,2279,2140,139,6.5,29,1997,2754,17.9,
2026-07-16,BKK-CNX,Chiang Mai,1919,2005,-86,-4.3,29,1699,2638,3.6,
2026-07-16,BKK-DAD,Da Nang,4536,4537,-1,-0.0,29,4074,4561,85.7,
2026-07-16,BKK-HAN,Hanoi,4668,4179,489,11.7,29,3982,4944,17.9,
2026-07-16,BKK-HKT,Phuket,1404,1599,-195,-12.2,29,906,1649,46.4,
2026-07-16,BKK-HND,Tokyo (Haneda),12662,12303,359,2.9,29,11202,12922,82.1,
2026-07-16,BKK-KBV,Krabi,1941,1940,1,0.1,29,970,2355,50.0,
2026-07-16,BKK-KIX,Osaka,9075,9328,-253,-2.7,29,9075,11022,0.0,low in 29
2026-07-16,BKK-NRT,Tokyo (Narita),9304,8539,765,9.0,29,8539,11254,42.9,
2026-07-16,BKK-PEK,Beijing,8579,8609,-30,-0.3,29,8575,9670,3.6,
2026-07-16,BKK-PVG,Shanghai,7040,6907,133,1.9,29,6788,7669,25.0,
2026-07-16,BKK-SGN,Ho Chi Minh City,4593,4107,486,11.8,29,4107,5363,7.1,
2026-07-17,BKK-CAN,Guangzhou,5726,5726,0,0.0,30,5562,7060,31.0,
2026-07-17,BKK-CEI,Chiang Rai,2153,2279,-126,-5.5,30,1997,2754,17.2,
2026-07-17,BKK-CNX,Chiang Mai,1919,1919,0,0.0,30,1699,2638,3.4,
2026-07-17,BKK-DAD,Da Nang,4536,4536,0,0.0,30,4074,4561,82.8,
2026-07-17,BKK-HAN,Hanoi,4668,4668,0,0.0,30,3982,4944,17.2,
2026-07-17,BKK-HKT,Phuket,1441,1404,37,2.6,30,906,1649,51.7,
2026-07-17,BKK-HND,Tokyo (Haneda),12669,12662,7,0.1,30,11202,12922,82.8,
2026-07-17,BKK-KBV,Krabi,1407,1941,-534,-27.5,30,970,2355,3.4,
2026-07-17,BKK-KIX,Osaka,9075,9075,0,0.0,30,9075,11022,0.0,low in 30
2026-07-17,BKK-NRT,Tokyo (Narita),9304,9304,0,0.0,30,8539,11254,41.4,
2026-07-17,BKK-PEK,Beijing,8579,8579,0,0.0,30,8575,9670,3.4,
2026-07-17,BKK-PVG,Shanghai,7040,7040,0,0.0,30,6788,7669,24.1,
2026-07-17,BKK-SGN,Ho Chi Minh City,4596,4593,3,0.1,30,4107,5363,10.3,
2026-07-20,BKK-CAN,Guangzhou,5452,5726,-274,-4.8,30,5452,7060,0.0,low in 30
2026-07-20,BKK-CEI,Chiang Rai,2153,2153,0,0.0,30,1997,2754,17.2,
2026-07-20,BKK-CNX,Chiang Mai,2130,1919,211,11.0,30,1699,2638,37.9,
2026-07-20,BKK-DAD,Da Nang,4494,4536,-42,-0.9,30,4074,4561,72.4,
2026-07-20,BKK-HAN,Hanoi,4668,4668,0,0.0,30,3982,4944,17.2,
2026-07-20,BKK-HKT,Phuket,1506,1441,65,4.5,30,906,1649,55.2,
2026-07-20,BKK-HND,Tokyo (Haneda),12675,12669,6,0.0,30,11202,12922,86.2,
2026-07-20,BKK-KBV,Krabi,1667,1407,260,18.5,30,970,2355,24.1,
2026-07-20,BKK-KIX,Osaka,9075,9075,0,0.0,30,9075,11022,0.0,low in 30
2026-07-20,BKK-NRT,Tokyo (Narita),9304,9304,0,0.0,30,8539,11254,41.4,
2026-07-20,BKK-PEK,Beijing,8722,8579,143,1.7,30,8575,9670,34.5,
2026-07-20,BKK-PVG,Shanghai,7052,7040,12,0.2,30,6788,7633,31.0,
2026-07-20,BKK-SGN,Ho Chi Minh City,4647,4596,51,1.1,30,4107,5363,27.6,
2026-07-21,BKK-CAN,Guangzhou,5450,5452,-2,-0.0,30,5450,7060,0.0,low in 30
2026-07-21,BKK-CEI,Chiang Rai,2001,2153,-152,-7.1,30,1997,2754,10.3,
2026-07-21,BKK-CNX,Chiang Mai,2130,2130,0,0.0,30,1699,2638,37.9,
2026-07-21,BKK-DAD,Da Nang,4494,4494,0,0.0,30,4074,4561,69.0,
2026-07-21,BKK-HAN,Hanoi,4668,4668,0,0.0,30,3982,4944,17.2,
2026-07-21,BKK-HKT,Phuket,1234,1506,-272,-18.1,30,906,1649,20.7,
2026-07-21,BKK-HND,Tokyo (Haneda),12675,12675,0,0.0,30,11202,12915,86.2,
2026-07-21,BKK-KBV,Krabi,1667,1667,0,0.0,30,970,2355,24.1,
2026-07-21,BKK-KIX,Osaka,9075,9075,0,0.0,30,9075,11022,0.0,low in 30
2026-07-21,BKK-NRT,Tokyo (Narita),9304,9304,0,0.0,30,8539,11254,41.4,
2026-07-21,BKK-PEK,Beijing,8806,8722,84,1.0,30,8575,9670,48.3,
2026-07-21,BKK-PVG,Shanghai,7052,7052,0,0.0,30,6788,7633,31.0,
2026-07-21,BKK-SGN,Ho Chi Minh City,4647,4647,0,0.0,30,4107,5146,27.6,
2026-07-22,BKK-CAN,Guangzhou,5638,5450,188,3.4,30,5450,7060,24.1,
2026-07-22,BKK-CEI,Chiang Rai,2004,2001,3,0.1,30,1997,2754,13.8,
2026-07-22,BKK-CNX,Chiang Mai,2287,2130,157,7.4,30,1699,2638,69.0,
2026-07-22,BKK-DAD,Da Nang,4198,4494,-296,-6.6,30,4074,4561,3.4,
2026-07-22,BKK-HAN,Hanoi,4773,4668,105,2.2,30,3982,4944,69.0,
2026-07-22,BKK-HKT,Phuket,1236,1234,2,0.2,30,906,1649,20.7,
2026-07-22,BKK-HND,Tokyo (Haneda),12773,12675,98,0.8,30,11202,12780,93.1,
2026-07-22,BKK-KBV,Krabi,1667,1667,0,0.0,30,970,2355,24.1,
2026-07-22,BKK-KIX,Osaka,9872,9075,797,8.8,30,9075,11022,48.3,
2026-07-22,BKK-NRT,Tokyo (Narita),9854,9304,550,5.9,30,8539,11254,55.2,
2026-07-22,BKK-PEK,Beijing,8542,8806,-264,-3.0,30,8542,9670,0.0,low in 30
2026-07-22,BKK-PVG,Shanghai,6974,7052,-78,-1.1,30,6788,7633,24.1,
2026-07-22,BKK-SGN,Ho Chi Minh City,4302,4647,-345,-7.4,30,4107,5146,6.9,
2026-07-23,BKK-CAN,Guangzhou,5760,5638,122,2.2,30,5450,7060,48.3,
2026-07-23,BKK-CEI,Chiang Rai,2004,2004,0,0.0,30,1997,2754,13.8,
2026-07-23,BKK-CNX,Chiang Mai,2287,2287,0,0.0,30,1699,2638,65.5,
2026-07-23,BKK-DAD,Da Nang,4192,4198,-6,-0.1,30,4192,4561,0.0,low in 30
2026-07-23,BKK-HAN,Hanoi,4507,4773,-266,-5.6,30,3982,4944,17.2,
2026-07-23,BKK-HKT,Phuket,1296,1236,60,4.9,30,906,1649,27.6,
2026-07-23,BKK-HND,Tokyo (Haneda),12717,12773,-56,-0.4,30,11202,12780,93.1,
2026-07-23,BKK-KBV,Krabi,1667,1667,0,0.0,30,970,2355,24.1,
2026-07-23,BKK-KIX,Osaka,10585,9872,713,7.2,30,9075,11022,58.6,
2026-07-23,BKK-NRT,Tokyo (Narita),9854,9854,0,0.0,30,8539,11254,51.7,
2026-07-23,BKK-PEK,Beijing,8806,8542,264,3.1,30,8542,9670,44.8,
2026-07-23,BKK-PVG,Shanghai,6713,6974,-261,-3.7,30,6713,7633,0.0,low in 30
2026-07-23,BKK-SGN,Ho Chi Minh City,4296,4302,-6,-0.1,30,4107,5146,6.9,
2026-07-24,BKK-CAN,Guangzhou,5531,5760,-229,-4.0,30,5450,7060,6.9,
2026-07-24,BKK-CEI,Chiang Rai,2004,2004,0,0.0,30,1997,2754,13.8,
2026-07-24,BKK-CNX,Chiang Mai,2287,2287,0,0.0,30,1699,2638,62.1,
2026-07-24,BKK-DAD,Da Nang,3940,4192,-252,-6.0,30,3940,4561,0.0,low in 30
2026-07-24,BKK-HAN,Hanoi,4506,4507,-1,-0.0,30,3982,4944,17.2,
2026-07-24,BKK-HKT,Phuket,1381,1296,85,6.6,30,906,1649,31.0,
2026-07-24,BKK-HND,Tokyo (Haneda),12638,12717,-79,-0.6,30,11202,12773,79.3,
2026-07-24,BKK-KBV,Krabi,1667,1667,0,0.0,30,1407,2355,20.7,
2026-07-24,BKK-KIX,Osaka,9436,10585,-1149,-10.9,30,9075,11022,17.2,
2026-07-24,BKK-NRT,Tokyo (Narita),9854,9854,0,0.0,30,8539,11254,51.7,
2026-07-24,BKK-PEK,Beijing,8638,8806,-168,-1.9,30,8542,9670,17.2,
2026-07-24,BKK-PVG,Shanghai,6700,6713,-13,-0.2,30,6700,7633,0.0,low in 30
2026-07-24,BKK-SGN,Ho Chi Minh City,4296,4296,0,0.0,30,4107,5146,6.9,
2026-07-30,BKK-CAN,Guangzhou,5416,5531,-115,-2.1,30,5416,7060,0.0,low in 30
2026-07-30,BKK-CEI,Chiang Rai,2209,2004,205,10.2,30,1997,2754,37.9,
2026-07-30,BKK-CNX,Chiang Mai,2525,2287,238,10.4,30,1699,2638,89.7,
2026-07-30,BKK-DAD,Da Nang,3041,3940,-899,-22.8,30,3041,4561,0.0,low in 30
2026-07-30,BKK-HAN,Hanoi,3265,4506,-1241,-27.5,30,3265,4944,0.0,low in 30
2026-07-30,BKK-HKT,Phuket,1663,1381,282,20.4,30,906,1663,100.0,high in 30
2026-07-30,BKK-HND,Tokyo (Haneda),10574,12638,-2064,-16.3,30,10574,12773,0.0,low in 30
2026-07-30,BKK-KBV,Krabi,1859,1667,192,11.5,30,1407,2355,44.8,
2026-07-30,BKK-KIX,Osaka,9436,9436,0,0.0,30,9075,11022,17.2,
2026-07-30,BKK-NRT,Tokyo (Narita),9369,9854,-485,-4.9,30,8539,11254,51.7,
2026-07-30,BKK-PEK,Beijing,7587,8638,-1051,-12.2,30,7587,9670,0.0,low in 30
2026-07-30,BKK-PVG,Shanghai,6095,6700,-605,-9.0,30,6095,7633,0.0,low in 30
2026-07-30,BKK-SGN,Ho Chi Minh City,4444,4296,148,3.4,30,4107,5146,17.2,
2026-07-31,BKK-CAN,Guangzhou,5006,5416,-410,-7.6,30,5006,6615,0.0,low in 30
2026-07-31,BKK-CEI,Chiang Rai,2209,2209,0,0.0,30,1997,2754,37.9,
2026-07-31,BKK-CNX,Chiang Mai,2525,2525,0,0.0,30,1699,2638,86.2,
2026-07-31,BKK-DAD,Da Nang,3041,3041,0,0.0,30,3041,4561,0.0,low in 30
2026-07-31,BKK-HAN,Hanoi,4613,3265,1348,41.3,30,3265,4944,27.6,
2026-07-31,BKK-HKT,Phuket,1666,1663,3,0.2,30,1181,1666,100.0,high in 30
2026-07-31,BKK-HND,Tokyo (Haneda),10574,10574,0,0.0,30,10574,12773,0.0,low in 30
2026-07-31,BKK-KBV,Krabi,1820,1859,-39,-2.1,30,1407,2355,41.4,
2026-07-31,BKK-KIX,Osaka,10147,9436,711,7.5,30,9075,10962,65.5,
2026-07-31,BKK-NRT,Tokyo (Narita),9369,9369,0,0.0,30,8539,11254,51.7,
2026-07-31,BKK-PEK,Beijing,7587,7587,0,0.0,30,7587,9670,0.0,low in 30
2026-07-31,BKK-PVG,Shanghai,6065,6095,-30,-0.5,30,6065,7633,0.0,low in 30
2026-07-31,BKK-SGN,Ho Chi Minh City,4444,4444,0,0.0,30,4107,5146,17.2,
2026-08-02,BKK-CAN,Guangzhou,5006,5006,0,0.0,30,5006,6615,0.0,low in 30
2026-08-02,BKK-CEI,Chiang Rai,2219,2209,10,0.5,30,1997,2754,44.8,
2026-08-02,BKK-CNX,Chiang Mai,2525,2525,0,0.0,30,1699,2638,82.8,
2026-08-02,BKK-DAD,Da Nang,4066,3041,1025,33.7,30,3041,4561,10.3,
2026-08-02,BKK-HAN,Hanoi,4530,4613,-83,-1.8,30,3265,4944,27.6,
2026-08-02,BKK-HKT,Phuket,1764,1666,98,5.9,30,1181,1764,100.0,high in 30
2026-08-02,BKK-HND,Tokyo (Haneda),10574,10574,0,0.0,30,10574,12773,0.0,low in 30
2026-08-02,BKK-KBV,Krabi,1874,1820,54,3.0,30,1407,2355,44.8,
2026-08-02,BKK-KIX,Osaka,10239,10147,92,0.9,30,9075,10962,69.0,
2026-08-02,BKK-NRT,Tokyo (Narita),9369,9369,0,0.0,30,8539,11254,51.7,
2026-08-02,BKK-PEK,Beijing,7587,7587,0,0.0,30,7587,9670,0.0,low in 30
2026-08-02,BKK-PVG,Shanghai,6065,6065,0,0.0,30,6065,7633,0.0,low in 30
2026-08-02,BKK-SGN,Ho Chi Minh City,3004,4444,-1440,-32.4,30,3004,5146,0.0,low in 30
2026-08-03,BKK-CAN,Guangzhou,5006,5006,0,0.0,30,5006,6615,0.0,low in 30
2026-08-03,BKK-CEI,Chiang Rai,2219,2219,0,0.0,30,1997,2754,44.8,
2026-08-03,BKK-CNX,Chiang Mai,2539,2525,14,0.6,30,1699,2638,89.7,
2026-08-03,BKK-DAD,Da Nang,4066,4066,0,0.0,30,3041,4561,10.3,
2026-08-03,BKK-HAN,Hanoi,4530,4530,0,0.0,30,3265,4944,27.6,
2026-08-03,BKK-HKT,Phuket,1764,1764,0,0.0,30,1181,1764,96.6,high in 30
2026-08-03,BKK-HND,Tokyo (Haneda),10574,10574,0,0.0,30,10574,12773,0.0,low in 30
2026-08-03,BKK-KBV,Krabi,1874,1874,0,0.0,30,1407,2355,41.4,
2026-08-03,BKK-KIX,Osaka,10239,10239,0,0.0,30,9075,10962,69.0,
2026-08-03,BKK-NRT,Tokyo (Narita),9369,9369,0,0.0,30,8539,11254,51.7,
2026-08-03,BKK-PEK,Beijing,7587,7587,0,0.0,30,7587,9574,0.0,low in 30
2026-08-03,BKK-PVG,Shanghai,6065,6065,0,0.0,30,6065,7633,0.0,low in 30
2026-08-03,BKK-SGN,Ho Chi Minh City,3004,3004,0,0.0,30,3004,5146,0.0,low in 30
2026-08-04,BKK-CAN,Guangzhou,5006,5006,0,0.0,30,5006,6615,0.0,low in 30
2026-08-04,BKK-CEI,Chiang Rai,2219,2219,0,0.0,30,1997,2754,44.8,
2026-08-04,BKK-CNX,Chiang Mai,2539,2539,0,0.0,30,1699,2638,86.2,
2026-08-04,BKK-DAD,Da Nang,4273,4066,207,5.1,30,3041,4561,24.1,
2026-08-04,BKK-HAN,Hanoi,4530,4530,0,0.0,30,3265,4944,27.6,
2026-08-04,BKK-HKT,Phuket,1669,1764,-95,-5.4,30,1181,1764,93.1,
2026-08-04,BKK-HND,Tokyo (Haneda),12603,10574,2029,19.2,30,10574,12773,75.9,
2026-08-04,BKK-KBV,Krabi,1874,1874,0,0.0,30,1407,2355,37.9,
2026-08-04,BKK-KIX,Osaka,10614,10239,375,3.7,30,9075,10962,79.3,
2026-08-04,BKK-NRT,Tokyo (Narita),10732,9369,1363,14.5,30,8539,11140,79.3,
2026-08-04,BKK-PEK,Beijing,7592,7587,5,0.1,30,7587,9574,13.8,
2026-08-04,BKK-PVG,Shanghai,6065,6065,0,0.0,30,6065,7633,0.0,low in 30
2026-08-04,BKK-SGN,Ho Chi Minh City,3004,3004,0,0.0,30,3004,5146,0.0,low in 30
2026-08-05,BKK-CAN,Guangzhou,5006,5006,0,0.0,30,5006,6615,0.0,low in 30
2026-08-05,BKK-CEI,Chiang Rai,2144,2219,-75,-3.4,30,1997,2754,31.0,
2026-08-05,BKK-CNX,Chiang Mai,2285,2539,-254,-10.0,30,1699,2637,44.8,
2026-08-05,BKK-DAD,Da Nang,4273,4273,0,0.0,30,3041,4561,24.1,
2026-08-05,BKK-HAN,Hanoi,4530,4530,0,0.0,30,3265,4944,27.6,
2026-08-05,BKK-HKT,Phuket,1662,1669,-7,-0.4,30,1181,1764,82.8,
2026-08-05,BKK-HND,Tokyo (Haneda),12603,12603,0,0.0,30,10574,12773,72.4,
2026-08-05,BKK-KBV,Krabi,1874,1874,0,0.0,30,1407,2355,34.5,
2026-08-05,BKK-KIX,Osaka,11502,10614,888,8.4,30,9075,11502,100.0,high in 30
2026-08-05,BKK-NRT,Tokyo (Narita),10732,10732,0,0.0,30,8539,11137,79.3,
2026-08-05,BKK-PEK,Beijing,7217,7592,-375,-4.9,30,7217,9574,0.0,low in 30
2026-08-05,BKK-PVG,Shanghai,6065,6065,0,0.0,30,6065,7633,0.0,low in 30
2026-08-05,BKK-SGN,Ho Chi Minh City,4594,3004,1590,52.9,30,3004,5146,37.9,
2026-08-08,BKK-CAN,Guangzhou,5243,5006,237,4.7,30,5006,6615,17.2,
2026-08-08,BKK-CEI,Chiang Rai,2144,2144,0,0.0,30,1997,2754,31.0,
2026-08-08,BKK-CNX,Chiang Mai,1321,2285,-964,-42.2,30,1321,2637,0.0,low in 30
2026-08-08,BKK-DAD,Da Nang,4135,4273,-138,-3.2,30,3041,4561,17.2,
2026-08-08,BKK-HAN,Hanoi,4530,4530,0,0.0,30,3265,4944,27.6,
2026-08-08,BKK-HKT,Phuket,1745,1662,83,5.0,30,1181,1764,93.1,
2026-08-08,BKK-HND,Tokyo (Haneda),12603,12603,0,0.0,30,10574,12773,69.0,
2026-08-08,BKK-KBV,Krabi,2062,1874,188,10.0,30,1407,2355,51.7,
2026-08-08,BKK-KIX,Osaka,10623,11502,-879,-7.6,30,9075,11502,82.8,
2026-08-08,BKK-NRT,Tokyo (Narita),10679,10732,-53,-0.5,30,8539,11137,79.3,
2026-08-08,BKK-PEK,Beijing,7062,7217,-155,-2.1,30,7062,9574,0.0,low in 30
2026-08-08,BKK-PVG,Shanghai,6089,6065,24,0.4,30,6065,7633,17.2,
2026-08-08,BKK-SGN,Ho Chi Minh City,4571,4594,-23,-0.5,30,3004,5146,34.5,
2026-08-09,BKK-CAN,Guangzhou,5274,5243,31,0.6,30,5006,6410,20.7,
2026-08-09,BKK-CEI,Chiang Rai,2180,2144,36,1.7,30,1997,2754,44.8,
2026-08-09,BKK-CNX,Chiang Mai,1364,1321,43,3.3,30,1321,2539,3.4,
2026-08-09,BKK-DAD,Da Nang,4135,4135,0,0.0,30,3041,4561,17.2,
2026-08-09,BKK-HAN,Hanoi,4655,4530,125,2.8,30,3265,4944,48.3,
2026-08-09,BKK-HKT,Phuket,1701,1745,-44,-2.5,30,1181,1764,89.7,
2026-08-09,BKK-HND,Tokyo (Haneda),12603,12603,0,0.0,30,10574,12773,65.5,
2026-08-09,BKK-KBV,Krabi,2062,2062,0,0.0,30,1407,2355,48.3,
2026-08-09,BKK-KIX,Osaka,10623,10623,0,0.0,30,9075,11502,82.8,
2026-08-09,BKK-NRT,Tokyo (Narita),10679,10679,0,0.0,30,8539,10904,79.3,
2026-08-09,BKK-PEK,Beijing,7062,7062,0,0.0,30,7062,9574,0.0,low in 30
2026-08-09,BKK-PVG,Shanghai,6089,6089,0,0.0,30,6065,7633,17.2,
2026-08-09,BKK-SGN,Ho Chi Minh City,4571,4571,0,0.0,30,3004,5146,34.5,
2026-08-10,BKK-CAN,Guangzhou,5274,5274,0,0.0,30,5006,6167,20.7,
2026-08-10,BKK-CEI,Chiang Rai,2180,2180,0,0.0,30,1997,2754,44.8,
2026-08-10,BKK-CNX,Chiang Mai,2134,1364,770,56.5,30,1321,2539,51.7,
2026-08-10,BKK-DAD,Da Nang,4135,4135,0,0.0,30,3041,4561,17.2,
2026-08-10,BKK-HAN,Hanoi,4705,4655,50,1.1,30,3265,4808,65.5,
2026-08-10,BKK-HKT,Phuket,1701,1701,0,0.0,30,1181,1764,86.2,
2026-08-10,BKK-HND,Tokyo (Haneda),12603,12603,0,0.0,30,10574,12773,62.1,
2026-08-10,BKK-KBV,Krabi,2062,2062,0,0.0,30,1407,2355,48.3,
2026-08-10,BKK-KIX,Osaka,10623,10623,0,0.0,30,9075,11502,82.8,
2026-08-10,BKK-NRT,Tokyo (Narita),10679,10679,0,0.0,30,8539,10904,79.3,
2026-08-10,BKK-PEK,Beijing,7062,7062,0,0.0,30,7062,9574,0.0,low in 30
2026-08-10,BKK-PVG,Shanghai,6089,6089,0,0.0,30,6065,7633,17.2,
2026-08-10,BKK-SGN,Ho Chi Minh City,4571,4571,0,0.0,30,3004,5118,34.5,
2026-08-11,BKK-CAN,Guangzhou,5274,5274,0,0.0,30,5006,6167,20.7,
2026-08-11,BKK-CEI,Chiang Rai,1690,2180,-490,-22.5,30,1690,2754,0.0,low in 30
2026-08-11,BKK-CNX,Chiang Mai,2134,2134,0,0.0,30,1321,2539,51.7,
2026-08-11,BKK-DAD,Da Nang,4135,4135,0,0.0,30,3041,4561,17.2,
2026-08-11,BKK-HAN,Hanoi,4705,4705,0,0.0,30,3265,4778,65.5,
2026-08-11,BKK-HKT,Phuket,1701,1701,0,0.0,30,1181,1764,82.8,
2026-08-11,BKK-HND,Tokyo (Haneda),13145,12603,542,4.3,30,10574,13145,100.0,high in 30
2026-08-11,BKK-KBV,Krabi,2050,2062,-12,-0.6,30,1407,2355,48.3,
2026-08-11,BKK-KIX,Osaka,10623,10623,0,0.0,30,9075,11502,82.8,
2026-08-11,BKK-NRT,Tokyo (Narita),10679,10679,0,0.0,30,8539,10904,79.3,
2026-08-11,BKK-PEK,Beijing,7062,7062,0,0.0,30,7062,9290,0.0,low in 30
2026-08-11,BKK-PVG,Shanghai,6084,6089,-5,-0.1,30,6065,7633,17.2,
2026-08-11,BKK-SGN,Ho Chi Minh City,4479,4571,-92,-2.0,30,3004,4704,34.5,
2026-08-12,BKK-CAN,Guangzhou,5274,5274,0,0.0,30,5006,6167,20.7,
2026-08-12,BKK-CEI,Chiang Rai,1690,1690,0,0.0,30,1690,2754,0.0,low in 30
2026-08-12,BKK-CNX,Chiang Mai,2134,2134,0,0.0,30,1321,2539,51.7,
2026-08-12,BKK-DAD,Da Nang,4135,4135,0,0.0,30,3041,4561,17.2,
2026-08-12,BKK-HAN,Hanoi,4705,4705,0,0.0,30,3265,4778,65.5,
2026-08-12,BKK-HKT,Phuket,1745,1701,44,2.6,30,1181,1764,89.7,
2026-08-12,BKK-HND,Tokyo (Haneda),13145,13145,0,0.0,30,10574,13145,96.6,high in 30
2026-08-12,BKK-KBV,Krabi,2051,2050,1,0.0,30,1407,2355,51.7,
2026-08-12,BKK-KIX,Osaka,9066,10623,-1557,-14.7,30,9066,11502,0.0,low in 30
2026-08-12,BKK-NRT,Tokyo (Narita),10679,10679,0,0.0,30,8539,10732,79.3,
2026-08-12,BKK-PEK,Beijing,6346,7062,-716,-10.1,30,6346,9290,0.0,low in 30
2026-08-12,BKK-PVG,Shanghai,6084,6084,0,0.0,30,6065,7633,17.2,
2026-08-12,BKK-SGN,Ho Chi Minh City,4479,4479,0,0.0,30,3004,4704,34.5,
2026-08-13,BKK-CAN,Guangzhou,5124,5274,-150,-2.8,30,5006,6124,17.2,
2026-08-13,BKK-CEI,Chiang Rai,1690,1690,0,0.0,30,1690,2754,0.0,low in 30
2026-08-13,BKK-CNX,Chiang Mai,2134,2134,0,0.0,30,1321,2539,51.7,
2026-08-13,BKK-DAD,Da Nang,4135,4135,0,0.0,30,3041,4561,17.2,
2026-08-13,BKK-HAN,Hanoi,4705,4705,0,0.0,30,3265,4778,65.5,
2026-08-13,BKK-HKT,Phuket,1745,1745,0,0.0,30,1181,1764,86.2,
2026-08-13,BKK-HND,Tokyo (Haneda),12972,13145,-173,-1.3,30,10574,13145,93.1,
2026-08-13,BKK-KBV,Krabi,1754,2051,-297,-14.5,30,1407,2355,20.7,
2026-08-13,BKK-KIX,Osaka,9066,9066,0,0.0,30,9066,11502,0.0,low in 30
2026-08-13,BKK-NRT,Tokyo (Narita),10679,10679,0,0.0,30,8539,10732,75.9,
2026-08-13,BKK-PEK,Beijing,6346,6346,0,0.0,30,6346,9290,0.0,low in 30
2026-08-13,BKK-PVG,Shanghai,6084,6084,0,0.0,30,6065,7633,17.2,
2026-08-13,BKK-SGN,Ho Chi Minh City,4479,4479,0,0.0,30,3004,4704,34.5,
2026-08-14,BKK-CAN,Guangzhou,5124,5124,0,0.0,30,5006,5970,17.2,
2026-08-14,BKK-CEI,Chiang Rai,1690,1690,0,0.0,30,1690,2754,0.0,low in 30
2026-08-14,BKK-CNX,Chiang Mai,2134,2134,0,0.0,30,1321,2539,51.7,
2026-08-14,BKK-DAD,Da Nang,4129,4135,-6,-0.1,30,3041,4561,17.2,
2026-08-14,BKK-HAN,Hanoi,4705,4705,0,0.0,30,3265,4778,65.5,
2026-08-14,BKK-HKT,Phuket,1666,1745,-79,-4.5,30,1181,1764,65.5,
2026-08-14,BKK-HND,Tokyo (Haneda),12972,12972,0,0.0,30,10574,13145,89.7,
2026-08-14,BKK-KBV,Krabi,788,1754,-966,-55.1,30,788,2355,0.0,low in 30
2026-08-14,BKK-KIX,Osaka,9066,9066,0,0.0,30,9066,11502,0.0,low in 30
2026-08-14,BKK-NRT,Tokyo (Narita),10679,10679,0,0.0,30,8539,10732,72.4,
2026-08-14,BKK-PEK,Beijing,6346,6346,0,0.0,30,6346,9290,0.0,low in 30
2026-08-14,BKK-PVG,Shanghai,6387,6084,303,5.0,30,6065,7633,41.4,
2026-08-14,BKK-SGN,Ho Chi Minh City,4479,4479,0,0.0,30,3004,4704,34.5,
2026-08-15,BKK-CAN,Guangzhou,5212,5124,88,1.7,30,5006,5760,24.1,
2026-08-15,BKK-CEI,Chiang Rai,1690,1690,0,0.0,30,1690,2530,0.0,low in 30
2026-08-15,BKK-CNX,Chiang Mai,2134,2134,0,0.0,30,1321,2539,51.7,
2026-08-15,BKK-DAD,Da Nang,4122,4129,-7,-0.2,30,3041,4561,17.2,
2026-08-15,BKK-HAN,Hanoi,4705,4705,0,0.0,30,3265,4778,65.5,
2026-08-15,BKK-HKT,Phuket,1666,1666,0,0.0,30,1181,1764,62.1,
2026-08-15,BKK-HND,Tokyo (Haneda),12972,12972,0,0.0,30,10574,13145,86.2,
2026-08-15,BKK-KBV,Krabi,788,788,0,0.0,30,788,2355,0.0,low in 30
2026-08-15,BKK-KIX,Osaka,9066,9066,0,0.0,30,9066,11502,0.0,low in 30
2026-08-15,BKK-NRT,Tokyo (Narita),11125,10679,446,4.2,30,8539,11125,100.0,high in 30
2026-08-15,BKK-PEK,Beijing,6346,6346,0,0.0,30,6346,9290,0.0,low in 30
2026-08-15,BKK-PVG,Shanghai,6387,6387,0,0.0,30,6065,7633,41.4,
2026-08-15,BKK-SGN,Ho Chi Minh City,4479,4479,0,0.0,30,3004,4704,34.5,
2026-08-16,BKK-CAN,Guangzhou,5212,5212,0,0.0,30,5006,5760,24.1,
2026-08-16,BKK-CEI,Chiang Rai,1841,1690,151,8.9,30,1690,2530,17.2,
2026-08-16,BKK-CNX,Chiang Mai,2155,2134,21,1.0,30,1321,2539,69.0,
2026-08-16,BKK-DAD,Da Nang,4049,4122,-73,-1.8,30,3041,4561,10.3,
2026-08-16,BKK-HAN,Hanoi,4782,4705,77,1.6,30,3265,4782,100.0,high in 30
2026-08-16,BKK-HKT,Phuket,1666,1666,0,0.0,30,1181,1764,58.6,
2026-08-16,BKK-HND,Tokyo (Haneda),12972,12972,0,0.0,30,10574,13145,82.8,
2026-08-16,BKK-KBV,Krabi,831,788,43,5.5,30,788,2282,6.9,
2026-08-16,BKK-KIX,Osaka,9066,9066,0,0.0,30,9066,11502,0.0,low in 30
2026-08-16,BKK-NRT,Tokyo (Narita),11125,11125,0,0.0,30,8539,11125,96.6,high in 30
2026-08-16,BKK-PEK,Beijing,6346,6346,0,0.0,30,6346,9290,0.0,low in 30
2026-08-16,BKK-PVG,Shanghai,6387,6387,0,0.0,30,6065,7633,41.4,
2026-08-16,BKK-SGN,Ho Chi Minh City,4479,4479,0,0.0,30,3004,4704,34.5,
2026-08-17,BKK-CAN,Guangzhou,5087,5212,-125,-2.4,30,5006,5760,17.2,
2026-08-17,BKK-CEI,Chiang Rai,1841,1841,0,0.0,30,1690,2530,17.2,
2026-08-17,BKK-CNX,Chiang Mai,2155,2155,0,0.0,30,1321,2539,65.5,
2026-08-17,BKK-DAD,Da Nang,4049,4049,0,0.0,30,3041,4561,10.3,
2026-08-17,BKK-HAN,Hanoi,4866,4782,84,1.8,30,3265,4866,100.0,high in 30
2026-08-17,BKK-HKT,Phuket,1678,1666,12,0.7,30,1181,1764,72.4,
2026-08-17,BKK-HND,Tokyo (Haneda),11611,12972,-1361,-10.5,30,10574,13145,13.8,
2026-08-17,BKK-KBV,Krabi,831,831,0,0.0,30,788,2282,6.9,
2026-08-17,BKK-KIX,Osaka,9066,9066,0,0.0,30,9066,11502,0.0,low in 30
2026-08-17,BKK-NRT,Tokyo (Narita),11125,11125,0,0.0,30,8539,11125,93.1,high in 30
2026-08-17,BKK-PEK,Beijing,6346,6346,0,0.0,30,6346,9290,0.0,low in 30
2026-08-17,BKK-PVG,Shanghai,6457,6387,70,1.1,30,6065,7632,51.7,
2026-08-17,BKK-SGN,Ho Chi Minh City,4479,4479,0,0.0,30,3004,4704,34.5,
2026-08-18,BKK-CAN,Guangzhou,5087,5087,0,0.0,30,5006,5760,17.2,
2026-08-18,BKK-CEI,Chiang Rai,1955,1841,114,6.2,30,1690,2530,24.1,
2026-08-18,BKK-CNX,Chiang Mai,2082,2155,-73,-3.4,30,1321,2539,34.5,
2026-08-18,BKK-DAD,Da Nang,4049,4049,0,0.0,30,3041,4561,10.3,
2026-08-18,BKK-HAN,Hanoi,4866,4866,0,0.0,30,3265,4866,96.6,high in 30
2026-08-18,BKK-HKT,Phuket,1750,1678,72,4.3,30,1181,1764,93.1,
2026-08-18,BKK-HND,Tokyo (Haneda),11611,11611,0,0.0,30,10574,13145,13.8,
2026-08-18,BKK-KBV,Krabi,1072,831,241,29.0,30,788,2264,13.8,
2026-08-18,BKK-KIX,Osaka,9066,9066,0,0.0,30,9066,11502,0.0,low in 30
2026-08-18,BKK-NRT,Tokyo (Narita),11125,11125,0,0.0,30,8539,11125,89.7,high in 30
2026-08-18,BKK-PEK,Beijing,6346,6346,0,0.0,30,6346,9290,0.0,low in 30
2026-08-18,BKK-PVG,Shanghai,6323,6457,-134,-2.1,30,6065,7632,41.4,
2026-08-18,BKK-SGN,Ho Chi Minh City,4538,4479,59,1.3,30,3004,4704,58.6,
2026-08-19,BKK-CAN,Guangzhou,5087,5087,0,0.0,30,5006,5760,17.2,
2026-08-19,BKK-CEI,Chiang Rai,1955,1955,0,0.0,30,1690,2279,24.1,
2026-08-19,BKK-CNX,Chiang Mai,2082,2082,0,0.0,30,1321,2539,31.0,
2026-08-19,BKK-DAD,Da Nang,4162,4049,113,2.8,30,3041,4561,55.2,
2026-08-19,BKK-HAN,Hanoi,4576,4866,-290,-6.0,30,3265,4866,44.8,
2026-08-19,BKK-HKT,Phuket,1750,1750,0,0.0,30,1181,1764,89.7,
2026-08-19,BKK-HND,Tokyo (Haneda),11611,11611,0,0.0,30,10574,13145,13.8,
2026-08-19,BKK-KBV,Krabi,1072,1072,0,0.0,30,788,2264,13.8,
2026-08-19,BKK-KIX,Osaka,9567,9066,501,5.5,30,9066,11502,48.3,
2026-08-19,BKK-NRT,Tokyo (Narita),11125,11125,0,0.0,30,8539,11125,86.2,high in 30
2026-08-19,BKK-PEK,Beijing,6962,6346,616,9.7,30,6346,9290,24.1,
2026-08-19,BKK-PVG,Shanghai,6323,6323,0,0.0,30,6065,7052,41.4,
2026-08-19,BKK-SGN,Ho Chi Minh City,4538,4538,0,0.0,30,3004,4704,58.6,
2026-08-20,BKK-CAN,Guangzhou,5087,5087,0,0.0,30,5006,5760,17.2,
2026-08-20,BKK-CEI,Chiang Rai,1662,1955,-293,-15.0,30,1662,2279,0.0,low in 30
2026-08-20,BKK-CNX,Chiang Mai,2082,2082,0,0.0,30,1321,2539,27.6,
2026-08-20,BKK-DAD,Da Nang,4162,4162,0,0.0,30,3041,4561,55.2,
2026-08-20,BKK-HAN,Hanoi,4576,4576,0,0.0,30,3265,4866,41.4,
2026-08-20,BKK-HKT,Phuket,1750,1750,0,0.0,30,1234,1764,86.2,
2026-08-20,BKK-HND,Tokyo (Haneda),11611,11611,0,0.0,30,10574,13145,13.8,
2026-08-20,BKK-KBV,Krabi,1072,1072,0,0.0,30,788,2256,13.8,
2026-08-20,BKK-KIX,Osaka,9140,9567,-427,-4.5,30,9066,11502,37.9,
2026-08-20,BKK-NRT,Tokyo (Narita),11125,11125,0,0.0,30,8539,11125,82.8,high in 30
2026-08-20,BKK-PEK,Beijing,6962,6962,0,0.0,30,6346,9290,24.1,
2026-08-20,BKK-PVG,Shanghai,6323,6323,0,0.0,30,6065,7052,41.4,
2026-08-20,BKK-SGN,Ho Chi Minh City,4580,4538,42,0.9,30,3004,4704,75.9,
2026-08-21,BKK-CAN,Guangzhou,5087,5087,0,0.0,30,5006,5760,17.2,
2026-08-21,BKK-CEI,Chiang Rai,1662,1662,0,0.0,30,1662,2279,0.0,low in 30
2026-08-21,BKK-CNX,Chiang Mai,2256,2082,174,8.4,30,1321,2539,69.0,
2026-08-21,BKK-DAD,Da Nang,4162,4162,0,0.0,30,3041,4561,55.2,
2026-08-21,BKK-HAN,Hanoi,4576,4576,0,0.0,30,3265,4866,37.9,
2026-08-21,BKK-HKT,Phuket,1750,1750,0,0.0,30,1234,1764,82.8,
2026-08-21,BKK-HND,Tokyo (Haneda),11611,11611,0,0.0,30,10574,13145,13.8,
2026-08-21,BKK-KBV,Krabi,1123,1072,51,4.8,30,788,2251,24.1,
2026-08-21,BKK-KIX,Osaka,9140,9140,0,0.0,30,9066,11502,37.9,
2026-08-21,BKK-NRT,Tokyo (Narita),11367,11125,242,2.2,30,8539,11367,100.0,high in 30
2026-08-21,BKK-PEK,Beijing,6962,6962,0,0.0,30,6346,8965,24.1,
2026-08-21,BKK-PVG,Shanghai,6323,6323,0,0.0,30,6065,7052,41.4,
2026-08-21,BKK-SGN,Ho Chi Minh City,4580,4580,0,0.0,30,3004,4704,75.9,
2026-08-22,BKK-CAN,Guangzhou,5087,5087,0,0.0,30,5006,5760,17.2,
2026-08-22,BKK-CEI,Chiang Rai,1662,1662,0,0.0,30,1662,2279,0.0,low in 30
2026-08-22,BKK-CNX,Chiang Mai,2127,2256,-129,-5.7,30,1321,2539,31.0,
2026-08-22,BKK-DAD,Da Nang,4162,4162,0,0.0,30,3041,4537,55.2,
2026-08-22,BKK-HAN,Hanoi,4576,4576,0,0.0,30,3265,4866,34.5,
2026-08-22,BKK-HKT,Phuket,928,1750,-822,-47.0,30,928,1764,0.0,low in 30
2026-08-22,BKK-HND,Tokyo (Haneda),11611,11611,0,0.0,30,10574,13145,13.8,
2026-08-22,BKK-KBV,Krabi,1123,1123,0,0.0,30,788,2241,24.1,
2026-08-22,BKK-KIX,Osaka,9140,9140,0,0.0,30,9066,11502,37.9,
2026-08-22,BKK-NRT,Tokyo (Narita),10384,11367,-983,-8.6,30,8539,11367,44.8,
2026-08-22,BKK-PEK,Beijing,6962,6962,0,0.0,30,6346,8806,24.1,
2026-08-22,BKK-PVG,Shanghai,6323,6323,0,0.0,30,6065,7052,41.4,
2026-08-22,BKK-SGN,Ho Chi Minh City,4580,4580,0,0.0,30,3004,4647,75.9,
