date,route,origin,destination,country,city,price,currency
2026-06-11,BKK-CAN,BKK,CAN,China,Guangzhou,6378,THB
2026-06-12,BKK-CAN,BKK,CAN,China,Guangzhou,6556,THB
2026-06-13,BKK-CAN,BKK,CAN,China,Guangzhou,6556,THB
2026-06-14,BKK-CAN,BKK,CAN,China,Guangzhou,6573,THB
2026-06-15,BKK-CAN,BKK,CAN,China,Guangzhou,6573,THB
2026-06-16,BKK-CAN,BKK,CAN,China,Guangzhou,6573,THB
2026-06-17,BKK-CAN,BKK,CAN,China,Guangzhou,7060,THB
2026-06-19,BKK-CAN,BKK,CAN,China,Guangzhou,6354,THB
2026-06-21,BKK-CAN,BKK,CAN,China,Guangzhou,6354,THB
2026-06-22,BKK-CAN,BKK,CAN,China,Guangzhou,6354,THB
2026-06-23,BKK-CAN,BKK,CAN,China,Guangzhou,6354,THB
2026-06-24,BKK-CAN,BKK,CAN,China,Guangzhou,6354,THB
2026-06-25,BKK-CAN,BKK,CAN,China,Guangzhou,6615,THB
2026-06-26,BKK-CAN,BKK,CAN,China,Guangzhou,6410,THB
2026-06-27,BKK-CAN,BKK,CAN,China,Guangzhou,6167,THB
2026-06-29,BKK-CAN,BKK,CAN,China,Guangzhou,6167,THB
2026-06-30,BKK-CAN,BKK,CAN,China,Guangzhou,6167,THB
2026-07-01,BKK-CAN,BKK,CAN,China,Guangzhou,6124,THB
2026-07-02,BKK-CAN,BKK,CAN,China,Guangzhou,5970,THB
2026-07-04,BKK-CAN,BKK,CAN,China,Guangzhou,5652,THB
2026-07-05,BKK-CAN,BKK,CAN,China,Guangzhou,5652,THB
2026-07-06,BKK-CAN,BKK,CAN,China,Guangzhou,5652,THB
2026-07-07,BKK-CAN,BKK,CAN,China,Guangzhou,5674,THB
2026-07-08,BKK-CAN,BKK,CAN,China,Guangzhou,5565,THB
2026-07-09,BKK-CAN,BKK,CAN,China,Guangzhou,5562,THB
2026-07-10,BKK-CAN,BKK,CAN,China,Guangzhou,5562,THB
2026-07-13,BKK-CAN,BKK,CAN,China,Guangzhou,5562,THB
2026-07-14,BKK-CAN,BKK,CAN,China,Guangzhou,5562,THB
2026-07-16,BKK-CAN,BKK,CAN,China,Guangzhou,5726,THB
2026-07-17,BKK-CAN,BKK,CAN,China,Guangzhou,5726,THB
2026-07-20,BKK-CAN,BKK,CAN,China,Guangzhou,5452,THB
2026-07-21,BKK-CAN,BKK,CAN,China,Guangzhou,5450,THB
2026-07-22,BKK-CAN,BKK,CAN,China,Guangzhou,5638,THB
2026-07-23,BKK-CAN,BKK,CAN,China,Guangzhou,5760,THB
2026-07-24,BKK-CAN,BKK,CAN,China,Guangzhou,5531,THB
2026-07-30,BKK-CAN,BKK,CAN,China,Guangzhou,5416,THB
2026-07-31,BKK-CAN,BKK,CAN,China,Guangzhou,5006,THB
2026-08-02,BKK-CAN,BKK,CAN,China,Guangzhou,5006,THB
2026-08-03,BKK-CAN,BKK,CAN,China,Guangzhou,5006,THB
2026-08-04,BKK-CAN,BKK,CAN,China,Guangzhou,5006,THB
2026-08-05,BKK-CAN,BKK,CAN,China,Guangzhou,5006,THB
2026-08-08,BKK-CAN,BKK,CAN,China,Guangzhou,5243,THB
2026-08-09,BKK-CAN,BKK,CAN,China,Guangzhou,5274,THB
2026-08-10,BKK-CAN,BKK,CAN,China,Guangzhou,5274,THB
2026-08-11,BKK-CAN,BKK,CAN,China,Guangzhou,5274,THB
2026-08-12,BKK-CAN,BKK,CAN,China,Guangzhou,5274,THB
2026-08-13,BKK-CAN,BKK,CAN,China,Guangzhou,5124,THB
2026-08-14,BKK-CAN,BKK,CAN,China,Guangzhou,5124,THB
2026-08-15,BKK-CAN,BKK,CAN,China,Guangzhou,5212,THB
2026-08-16,BKK-CAN,BKK,CAN,China,Guangzhou,5212,THB
2026-08-17,BKK-CAN,BKK,CAN,China,Guangzhou,5087,THB
2026-08-18,BKK-CAN,BKK,CAN,China,Guangzhou,5087,THB
2026-08-19,BKK-CAN,BKK,CAN,China,Guangzhou,5087,THB
2026-08-20,BKK-CAN,BKK,CAN,China,Guangzhou,5087,THB
2026-08-21,BKK-CAN,BKK,CAN,China,Guangzhou,5087,THB
2026-06-11,BKK-CEI,BKK,CEI,Thailand,Chiang Rai,2563,THB
2026-06-12,BKK-CEI,BKK,CEI,Thailand,Chiang Rai,2563,THB
2026-06-13,BKK-CEI,BKK,CEI,Thailand,Chiang Rai,2563,THB
2026-06-14,BKK-CEI,BKK,CEI,Thailand,Chiang Rai,2563,THB
2026-06-15,BKK-CEI,BKK,CEI,Thailand,Chiang Rai,2521,THB
2026-06-16,BKK-CEI,BKK,CEI,Thailand,Chiang Rai,2521,THB
2026-06-17,BKK-CEI,BKK,CEI,Thailand,Chiang Rai,2356,THB
2026-06-19,BKK-CEI,BKK,CEI,Thailand,Chiang Rai,2365,THB
2026-06-21,BKK-CEI,BKK,CEI,Thailand,Chiang Rai,2672,THB
2026-06-22,BKK-CEI,BKK,CEI,Thailand,Chiang Rai,2672,THB
2026-06-23,BKK-CEI,BKK,CEI,Thailand,Chiang Rai,2672,THB
2026-06-24,BKK-CEI,BKK,CEI,Thailand,Chiang Rai,2390,THB
2026-06-25,BKK-CEI,BKK,CEI,Thailand,Chiang Rai,2389,THB
2026-06-26,BKK-CEI,BKK,CEI,Thailand,Chiang Rai,2389,THB
2026-06-27,BKK-CEI,BKK,CEI,Thailand,Chiang Rai,2389,THB
2026-06-29,BKK-CEI,BKK,CEI,Thailand,Chiang Rai,2389,THB
2026-06-30,BKK-CEI,BKK,CEI,Thailand,Chiang Rai,2389,THB
2026-07-01,BKK-CEI,BKK,CEI,Thailand,Chiang Rai,2754,THB
2026-07-02,BKK-CEI,BKK,CEI,Thailand,Chiang Rai,2754,THB
2026-07-04,BKK-CEI,BKK,CEI,Thailand,Chiang Rai,2530,THB
2026-07-05,BKK-CEI,BKK,CEI,Thailand,Chiang Rai,2530,THB
2026-07-06,BKK-CEI,BKK,CEI,Thailand,Chiang Rai,2530,THB
2026-07-07,BKK-CEI,BKK,CEI,Thailand,Chiang Rai,2530,THB
2026-07-08,BKK-CEI,BKK,CEI,Thailand,Chiang Rai,1998,THB
2026-07-09,BKK-CEI,BKK,CEI,Thailand,Chiang Rai,1997,THB
2026-07-10,BKK-CEI,BKK,CEI,Thailand,Chiang Rai,1997,THB
2026-07-13,BKK-CEI,BKK,CEI,Thailand,Chiang Rai,2140,THB
2026-07-14,BKK-CEI,BKK,CEI,Thailand,Chiang Rai,2140,THB
2026-07-16,BKK-CEI,BKK,CEI,Thailand,Chiang Rai,2279,THB
2026-07-17,BKK-CEI,BKK,CEI,Thailand,Chiang Rai,2153,THB
2026-07-20,BKK-CEI,BKK,CEI,Thailand,Chiang Rai,2153,THB
2026-07-21,BKK-CEI,BKK,CEI,Thailand,Chiang Rai,2001,THB
2026-07-22,BKK-CEI,BKK,CEI,Thailand,Chiang Rai,2004,THB
2026-07-23,BKK-CEI,BKK,CEI,Thailand,Chiang Rai,2004,THB
2026-07-24,BKK-CEI,BKK,CEI,Thailand,Chiang Rai,2004,THB
2026-07-30,BKK-CEI,BKK,CEI,Thailand,Chiang Rai,2209,THB
2026-07-31,BKK-CEI,BKK,CEI,Thailand,Chiang Rai,2209,THB
2026-08-02,BKK-CEI,BKK,CEI,Thailand,Chiang Rai,2219,THB
2026-08-03,BKK-CEI,BKK,CEI,Thailand,Chiang Rai,2219,THB
2026-08-04,BKK-CEI,BKK,CEI,Thailand,Chiang Rai,2219,THB
2026-08-05,BKK-CEI,BKK,CEI,Thailand,Chiang Rai,2144,THB
2026-08-08,BKK-CEI,BKK,CEI,Thailand,Chiang Rai,2144,THB
2026-08-09,BKK-CEI,BKK,CEI,Thailand,Chiang Rai,2180,THB
2026-08-10,BKK-CEI,BKK,CEI,Thailand,Chiang Rai,2180,THB
2026-08-11,BKK-CEI,BKK,CEI,Thailand,Chiang Rai,1690,THB
2026-08-12,BKK-CEI,BKK,CEI,Thailand,Chiang Rai,1690,THB
2026-08-13,BKK-CEI,BKK,CEI,Thailand,Chiang Rai,1690,THB
2026-08-14,BKK-CEI,BKK,CEI,Thailand,Chiang Rai,1690,THB
2026-08-15,BKK-CEI,BKK,CEI,Thailand,Chiang Rai,1690,THB
2026-08-16,BKK-CEI,BKK,CEI,Thailand,Chiang Rai,1841,THB
2026-08-17,BKK-CEI,BKK,CEI,Thailand,Chiang Rai,1841,THB
2026-08-18,BKK-CEI,BKK,CEI,Thailand,Chiang Rai,1955,THB
2026-08-19,BKK-CEI,BKK,CEI,Thailand,Chiang Rai,1955,THB
2026-08-20,BKK-CEI,BKK,CEI,Thailand,Chiang Rai,1662,THB
2026-08-21,BKK-CEI,BKK,CEI,Thailand,Chiang Rai,1662,THB
2026-06-11,BKK-CNX,BKK,CNX,Thailand,Chiang Mai,2553,THB
2026-06-12,BKK-CNX,BKK,CNX,Thailand,Chiang Mai,2152,THB
2026-06-13,BKK-CNX,BKK,CNX,Thailand,Chiang Mai,2152,THB
2026-06-14,BKK-CNX,BKK,CNX,Thailand,Chiang Mai,2152,THB
2026-06-15,BKK-CNX,BKK,CNX,Thailand,Chiang Mai,2152,THB
2026-06-16,BKK-CNX,BKK,CNX,Thailand,Chiang Mai,2152,THB
2026-06-17,BKK-CNX,BKK,CNX,Thailand,Chiang Mai,2152,THB
2026-06-19,BKK-CNX,BKK,CNX,Thailand,Chiang Mai,2251,THB
2026-06-21,BKK-CNX,BKK,CNX,Thailand,Chiang Mai,2251,THB
2026-06-22,BKK-CNX,BKK,CNX,Thailand,Chiang Mai,2251,THB
2026-06-23,BKK-CNX,BKK,CNX,Thailand,Chiang Mai,2638,THB
2026-06-24,BKK-CNX,BKK,CNX,Thailand,Chiang Mai,2637,THB
2026-06-25,BKK-CNX,BKK,CNX,Thailand,Chiang Mai,2637,THB
2026-06-26,BKK-CNX,BKK,CNX,Thailand,Chiang Mai,2478,THB
2026-06-27,BKK-CNX,BKK,CNX,Thailand,Chiang Mai,2478,THB
2026-06-29,BKK-CNX,BKK,CNX,Thailand,Chiang Mai,2478,THB
2026-06-30,BKK-CNX,BKK,CNX,Thailand,Chiang Mai,2478,THB
2026-07-01,BKK-CNX,BKK,CNX,Thailand,Chiang Mai,2478,THB
2026-07-02,BKK-CNX,BKK,CNX,Thailand,Chiang Mai,2478,THB
2026-07-04,BKK-CNX,BKK,CNX,Thailand,Chiang Mai,2080,THB
2026-07-05,BKK-CNX,BKK,CNX,Thailand,Chiang Mai,2080,THB
2026-07-06,BKK-CNX,BKK,CNX,Thailand,Chiang Mai,2080,THB
2026-07-07,BKK-CNX,BKK,CNX,Thailand,Chiang Mai,2080,THB
2026-07-08,BKK-CNX,BKK,CNX,Thailand,Chiang Mai,2005,THB
2026-07-09,BKK-CNX,BKK,CNX,Thailand,Chiang Mai,2005,THB
2026-07-10,BKK-CNX,BKK,CNX,Thailand,Chiang Mai,2005,THB
2026-07-13,BKK-CNX,BKK,CNX,Thailand,Chiang Mai,1699,THB
2026-07-14,BKK-CNX,BKK,CNX,Thailand,Chiang Mai,2005,THB
2026-07-16,BKK-CNX,BKK,CNX,Thailand,Chiang Mai,1919,THB
2026-07-17,BKK-CNX,BKK,CNX,Thailand,Chiang Mai,1919,THB
2026-07-20,BKK-CNX,BKK,CNX,Thailand,Chiang Mai,2130,THB
2026-07-21,BKK-CNX,BKK,CNX,Thailand,Chiang Mai,2130,THB
2026-07-22,BKK-CNX,BKK,CNX,Thailand,Chiang Mai,2287,THB
2026-07-23,BKK-CNX,BKK,CNX,Thailand,Chiang Mai,2287,THB
2026-07-24,BKK-CNX,BKK,CNX,Thailand,Chiang Mai,2287,THB
2026-07-30,BKK-CNX,BKK,CNX,Thailand,Chiang Mai,2525,THB
2026-07-31,BKK-CNX,BKK,CNX,Thailand,Chiang Mai,2525,THB
2026-08-02,BKK-CNX,BKK,CNX,Thailand,Chiang Mai,2525,THB
2026-08-03,BKK-CNX,BKK,CNX,Thailand,Chiang Mai,2539,THB
2026-08-04,BKK-CNX,BKK,CNX,Thailand,Chiang Mai,2539,THB
2026-08-05,BKK-CNX,BKK,CNX,Thailand,Chiang Mai,2285,THB
2026-08-08,BKK-CNX,BKK,CNX,Thailand,Chiang Mai,1321,THB
2026-08-09,BKK-CNX,BKK,CNX,Thailand,Chiang Mai,1364,THB
2026-08-10,BKK-CNX,BKK,CNX,Thailand,Chiang Mai,2134,THB
2026-08-11,BKK-CNX,BKK,CNX,Thailand,Chiang Mai,2134,THB
2026-08-12,BKK-CNX,BKK,CNX,Thailand,Chiang Mai,2134,THB
2026-08-13,BKK-CNX,BKK,CNX,Thailand,Chiang Mai,2134,THB
2026-08-14,BKK-CNX,BKK,CNX,Thailand,Chiang Mai,2134,THB
2026-08-15,BKK-CNX,BKK,CNX,Thailand,Chiang Mai,2134,THB
2026-08-16,BKK-CNX,BKK,CNX,Thailand,Chiang Mai,2155,THB
2026-08-17,BKK-CNX,BKK,CNX,Thailand,Chiang Mai,2155,THB
2026-08-18,BKK-CNX,BKK,CNX,Thailand,Chiang Mai,2082,THB
2026-08-19,BKK-CNX,BKK,CNX,Thailand,Chiang Mai,2082,THB
2026-08-20,BKK-CNX,BKK,CNX,Thailand,Chiang Mai,2082,THB
2026-08-21,BKK-CNX,BKK,CNX,Thailand,Chiang Mai,2256,THB
2026-06-11,BKK-DAD,BKK,DAD,Vietnam,Da Nang,4074,THB
2026-06-12,BKK-DAD,BKK,DAD,Vietnam,Da Nang,4074,THB
2026-06-13,BKK-DAD,BKK,DAD,Vietnam,Da Nang,4074,THB
2026-06-14,BKK-DAD,BKK,DAD,Vietnam,Da Nang,4074,THB
2026-06-15,BKK-DAD,BKK,DAD,Vietnam,Da Nang,4400,THB
2026-06-16,BKK-DAD,BKK,DAD,Vietnam,Da Nang,4400,THB
2026-06-17,BKK-DAD,BKK,DAD,Vietnam,Da Nang,4421,THB
2026-06-19,BKK-DAD,BKK,DAD,Vietnam,Da Nang,4437,THB
2026-06-21,BKK-DAD,BKK,DAD,Vietnam,Da Nang,4437,THB
2026-06-22,BKK-DAD,BKK,DAD,Vietnam,Da Nang,4437,THB
2026-06-23,BKK-DAD,BKK,DAD,Vietnam,Da Nang,4437,THB
2026-06-24,BKK-DAD,BKK,DAD,Vietnam,Da Nang,4530,THB
2026-06-25,BKK-DAD,BKK,DAD,Vietnam,Da Nang,4530,THB
2026-06-26,BKK-DAD,BKK,DAD,Vietnam,Da Nang,4462,THB
2026-06-27,BKK-DAD,BKK,DAD,Vietnam,Da Nang,4464,THB
2026-06-29,BKK-DAD,BKK,DAD,Vietnam,Da Nang,4301,THB
2026-06-30,BKK-DAD,BKK,DAD,Vietnam,Da Nang,4301,THB
2026-07-01,BKK-DAD,BKK,DAD,Vietnam,Da Nang,4301,THB
2026-07-02,BKK-DAD,BKK,DAD,Vietnam,Da Nang,4428,THB
2026-07-04,BKK-DAD,BKK,DAD,Vietnam,Da Nang,4428,THB
2026-07-05,BKK-DAD,BKK,DAD,Vietnam,Da Nang,4416,THB
2026-07-06,BKK-DAD,BKK,DAD,Vietnam,Da Nang,4416,THB
2026-07-07,BKK-DAD,BKK,DAD,Vietnam,Da Nang,4416,THB
2026-07-08,BKK-DAD,BKK,DAD,Vietnam,Da Nang,4416,THB
2026-07-09,BKK-DAD,BKK,DAD,Vietnam,Da Nang,4561,THB
2026-07-10,BKK-DAD,BKK,DAD,Vietnam,Da Nang,4561,THB
2026-07-13,BKK-DAD,BKK,DAD,Vietnam,Da Nang,4537,THB
2026-07-14,BKK-DAD,BKK,DAD,Vietnam,Da Nang,4537,THB
2026-07-16,BKK-DAD,BKK,DAD,Vietnam,Da Nang,4536,THB
2026-07-17,BKK-DAD,BKK,DAD,Vietnam,Da Nang,4536,THB
2026-07-20,BKK-DAD,BKK,DAD,Vietnam,Da Nang,4494,THB
2026-07-21,BKK-DAD,BKK,DAD,Vietnam,Da Nang,4494,THB
2026-07-22,BKK-DAD,BKK,DAD,Vietnam,Da Nang,4198,THB
2026-07-23,BKK-DAD,BKK,DAD,Vietnam,Da Nang,4192,THB
2026-07-24,BKK-DAD,BKK,DAD,Vietnam,Da Nang,3940,THB
2026-07-30,BKK-DAD,BKK,DAD,Vietnam,Da Nang,3041,THB
2026-07-31,BKK-DAD,BKK,DAD,Vietnam,Da Nang,3041,THB
2026-08-02,BKK-DAD,BKK,DAD,Vietnam,Da Nang,4066,THB
2026-08-03,BKK-DAD,BKK,DAD,Vietnam,Da Nang,4066,THB
2026-08-04,BKK-DAD,BKK,DAD,Vietnam,Da Nang,4273,THB
2026-08-05,BKK-DAD,BKK,DAD,Vietnam,Da Nang,4273,THB
2026-08-08,BKK-DAD,BKK,DAD,Vietnam,Da Nang,4135,THB
2026-08-09,BKK-DAD,BKK,DAD,Vietnam,Da Nang,4135,THB
2026-08-10,BKK-DAD,BKK,DAD,Vietnam,Da Nang,4135,THB
2026-08-11,BKK-DAD,BKK,DAD,Vietnam,Da Nang,4135,THB
2026-08-12,BKK-DAD,BKK,DAD,Vietnam,Da Nang,4135,THB
2026-08-13,BKK-DAD,BKK,DAD,Vietnam,Da Nang,4135,THB
2026-08-14,BKK-DAD,BKK,DAD,Vietnam,Da Nang,4129,THB
2026-08-15,BKK-DAD,BKK,DAD,Vietnam,Da Nang,4122,THB
2026-08-16,BKK-DAD,BKK,DAD,Vietnam,Da Nang,4049,THB
2026-08-17,BKK-DAD,BKK,DAD,Vietnam,Da Nang,4049,THB
2026-08-18,BKK-DAD,BKK,DAD,Vietnam,Da Nang,4049,THB
2026-08-19,BKK-DAD,BKK,DAD,Vietnam,Da Nang,4162,THB
2026-08-20,BKK-DAD,BKK,DAD,Vietnam,Da Nang,4162,THB
2026-08-21,BKK-DAD,BKK,DAD,Vietnam,Da Nang,4162,THB
2026-06-11,BKK-HAN,BKK,HAN,Vietnam,Hanoi,4865,THB
2026-06-12,BKK-HAN,BKK,HAN,Vietnam,Hanoi,4823,THB
2026-06-13,BKK-HAN,BKK,HAN,Vietnam,Hanoi,4823,THB
2026-06-14,BKK-HAN,BKK,HAN,Vietnam,Hanoi,4823,THB
2026-06-15,BKK-HAN,BKK,HAN,Vietnam,Hanoi,4823,THB
2026-06-16,BKK-HAN,BKK,HAN,Vietnam,Hanoi,4753,THB
2026-06-17,BKK-HAN,BKK,HAN,Vietnam,Hanoi,4691,THB
2026-06-19,BKK-HAN,BKK,HAN,Vietnam,Hanoi,4754,THB
2026-06-21,BKK-HAN,BKK,HAN,Vietnam,Hanoi,4754,THB
2026-06-22,BKK-HAN,BKK,HAN,Vietnam,Hanoi,4754,THB
2026-06-23,BKK-HAN,BKK,HAN,Vietnam,Hanoi,4911,THB
2026-06-24,BKK-HAN,BKK,HAN,Vietnam,Hanoi,4910,THB
2026-06-25,BKK-HAN,BKK,HAN,Vietnam,Hanoi,4910,THB
2026-06-26,BKK-HAN,BKK,HAN,Vietnam,Hanoi,4944,THB
2026-06-27,BKK-HAN,BKK,HAN,Vietnam,Hanoi,4808,THB
2026-06-29,BKK-HAN,BKK,HAN,Vietnam,Hanoi,4724,THB
2026-06-30,BKK-HAN,BKK,HAN,Vietnam,Hanoi,4724,THB
2026-07-01,BKK-HAN,BKK,HAN,Vietnam,Hanoi,4724,THB
2026-07-02,BKK-HAN,BKK,HAN,Vietnam,Hanoi,4724,THB
2026-07-04,BKK-HAN,BKK,HAN,Vietnam,Hanoi,4774,THB
2026-07-05,BKK-HAN,BKK,HAN,Vietnam,Hanoi,4778,THB
2026-07-06,BKK-HAN,BKK,HAN,Vietnam,Hanoi,4747,THB
2026-07-07,BKK-HAN,BKK,HAN,Vietnam,Hanoi,4747,THB
2026-07-08,BKK-HAN,BKK,HAN,Vietnam,Hanoi,3984,THB
2026-07-09,BKK-HAN,BKK,HAN,Vietnam,Hanoi,3982,THB
2026-07-10,BKK-HAN,BKK,HAN,Vietnam,Hanoi,3982,THB
2026-07-13,BKK-HAN,BKK,HAN,Vietnam,Hanoi,4179,THB
2026-07-14,BKK-HAN,BKK,HAN,Vietnam,Hanoi,4179,THB
2026-07-16,BKK-HAN,BKK,HAN,Vietnam,Hanoi,4668,THB
2026-07-17,BKK-HAN,BKK,HAN,Vietnam,Hanoi,4668,THB
2026-07-20,BKK-HAN,BKK,HAN,Vietnam,Hanoi,4668,THB
2026-07-21,BKK-HAN,BKK,HAN,Vietnam,Hanoi,4668,THB
2026-07-22,BKK-HAN,BKK,HAN,Vietnam,Hanoi,4773,THB
2026-07-23,BKK-HAN,BKK,HAN,Vietnam,Hanoi,4507,THB
2026-07-24,BKK-HAN,BKK,HAN,Vietnam,Hanoi,4506,THB
2026-07-30,BKK-HAN,BKK,HAN,Vietnam,Hanoi,3265,THB
2026-07-31,BKK-HAN,BKK,HAN,Vietnam,Hanoi,4613,THB
2026-08-02,BKK-HAN,BKK,HAN,Vietnam,Hanoi,4530,THB
2026-08-03,BKK-HAN,BKK,HAN,Vietnam,Hanoi,4530,THB
2026-08-04,BKK-HAN,BKK,HAN,Vietnam,Hanoi,4530,THB
2026-08-05,BKK-HAN,BKK,HAN,Vietnam,Hanoi,4530,THB
2026-08-08,BKK-HAN,BKK,HAN,Vietnam,Hanoi,4530,THB
2026-08-09,BKK-HAN,BKK,HAN,Vietnam,Hanoi,4655,THB
2026-08-10,BKK-HAN,BKK,HAN,Vietnam,Hanoi,4705,THB
2026-08-11,BKK-HAN,BKK,HAN,Vietnam,Hanoi,4705,THB
2026-08-12,BKK-HAN,BKK,HAN,Vietnam,Hanoi,4705,THB
2026-08-13,BKK-HAN,BKK,HAN,Vietnam,Hanoi,4705,THB
2026-08-14,BKK-HAN,BKK,HAN,Vietnam,Hanoi,4705,THB
2026-08-15,BKK-HAN,BKK,HAN,Vietnam,Hanoi,4705,THB
2026-08-16,BKK-HAN,BKK,HAN,Vietnam,Hanoi,4782,THB
2026-08-17,BKK-HAN,BKK,HAN,Vietnam,Hanoi,4866,THB
2026-08-18,BKK-HAN,BKK,HAN,Vietnam,Hanoi,4866,THB
2026-08-19,BKK-HAN,BKK,HAN,Vietnam,Hanoi,4576,THB
2026-08-20,BKK-HAN,BKK,HAN,Vietnam,Hanoi,4576,THB
2026-08-21,BKK-HAN,BKK,HAN,Vietnam,Hanoi,4576,THB
2026-06-11,BKK-HKT,BKK,HKT,Thailand,Phuket,910,THB
2026-06-12,BKK-HKT,BKK,HKT,Thailand,Phuket,906,THB
2026-06-13,BKK-HKT,BKK,HKT,Thailand,Phuket,906,THB
2026-06-14,BKK-HKT,BKK,HKT,Thailand,Phuket,906,THB
2026-06-15,BKK-HKT,BKK,HKT,Thailand,Phuket,906,THB
2026-06-16,BKK-HKT,BKK,HKT,Thailand,Phuket,906,THB
2026-06-17,BKK-HKT,BKK,HKT,Thailand,Phuket,906,THB
2026-06-19,BKK-HKT,BKK,HKT,Thailand,Phuket,1262,THB
2026-06-21,BKK-HKT,BKK,HKT,Thailand,Phuket,1291,THB
2026-06-22,BKK-HKT,BKK,HKT,Thailand,Phuket,1378,THB
2026-06-23,BKK-HKT,BKK,HKT,Thailand,Phuket,1479,THB
2026-06-24,BKK-HKT,BKK,HKT,Thailand,Phuket,1545,THB
2026-06-25,BKK-HKT,BKK,HKT,Thailand,Phuket,1545,THB
2026-06-26,BKK-HKT,BKK,HKT,Thailand,Phuket,1545,THB
2026-06-27,BKK-HKT,BKK,HKT,Thailand,Phuket,1390,THB
2026-06-29,BKK-HKT,BKK,HKT,Thailand,Phuket,1390,THB
2026-06-30,BKK-HKT,BKK,HKT,Thailand,Phuket,1405,THB
2026-07-01,BKK-HKT,BKK,HKT,Thailand,Phuket,1550,THB
2026-07-02,BKK-HKT,BKK,HKT,Thailand,Phuket,1552,THB
2026-07-04,BKK-HKT,BKK,HKT,Thailand,Phuket,1649,THB
2026-07-05,BKK-HKT,BKK,HKT,Thailand,Phuket,1649,THB
2026-07-06,BKK-HKT,BKK,HKT,Thailand,Phuket,1516,THB
2026-07-07,BKK-HKT,BKK,HKT,Thailand,Phuket,1528,THB
2026-07-08,BKK-HKT,BKK,HKT,Thailand,Phuket,1181,THB
2026-07-09,BKK-HKT,BKK,HKT,Thailand,Phuket,1528,THB
2026-07-10,BKK-HKT,BKK,HKT,Thailand,Phuket,1528,THB
2026-07-13,BKK-HKT,BKK,HKT,Thailand,Phuket,1592,THB
2026-07-14,BKK-HKT,BKK,HKT,Thailand,Phuket,1599,THB
2026-07-16,BKK-HKT,BKK,HKT,Thailand,Phuket,1404,THB
2026-07-17,BKK-HKT,BKK,HKT,Thailand,Phuket,1441,THB
2026-07-20,BKK-HKT,BKK,HKT,Thailand,Phuket,1506,THB
2026-07-21,BKK-HKT,BKK,HKT,Thailand,Phuket,1234,THB
2026-07-22,BKK-HKT,BKK,HKT,Thailand,Phuket,1236,THB
2026-07-23,BKK-HKT,BKK,HKT,Thailand,Phuket,1296,THB
2026-07-24,BKK-HKT,BKK,HKT,Thailand,Phuket,1381,THB
2026-07-30,BKK-HKT,BKK,HKT,Thailand,Phuket,1663,THB
2026-07-31,BKK-HKT,BKK,HKT,Thailand,Phuket,1666,THB
2026-08-02,BKK-HKT,BKK,HKT,Thailand,Phuket,1764,THB
2026-08-03,BKK-HKT,BKK,HKT,Thailand,Phuket,1764,THB
2026-08-04,BKK-HKT,BKK,HKT,Thailand,Phuket,1669,THB
2026-08-05,BKK-HKT,BKK,HKT,Thailand,Phuket,1662,THB
2026-08-08,BKK-HKT,BKK,HKT,Thailand,Phuket,1745,THB
2026-08-09,BKK-HKT,BKK,HKT,Thailand,Phuket,1701,THB
2026-08-10,BKK-HKT,BKK,HKT,Thailand,Phuket,1701,THB
2026-08-11,BKK-HKT,BKK,HKT,Thailand,Phuket,1701,THB
2026-08-12,BKK-HKT,BKK,HKT,Thailand,Phuket,1745,THB
2026-08-13,BKK-HKT,BKK,HKT,Thailand,Phuket,1745,THB
2026-08-14,BKK-HKT,BKK,HKT,Thailand,Phuket,1666,THB
2026-08-15,BKK-HKT,BKK,HKT,Thailand,Phuket,1666,THB
2026-08-16,BKK-HKT,BKK,HKT,Thailand,Phuket,1666,THB
2026-08-17,BKK-HKT,BKK,HKT,Thailand,Phuket,1678,THB
2026-08-18,BKK-HKT,BKK,HKT,Thailand,Phuket,1750,THB
2026-08-19,BKK-HKT,BKK,HKT,Thailand,Phuket,1750,THB
2026-08-20,BKK-HKT,BKK,HKT,Thailand,Phuket,1750,THB
2026-08-21,BKK-HKT,BKK,HKT,Thailand,Phuket,1750,THB
2026-06-11,BKK-HND,BKK,HND,Japan,Tokyo (Haneda),12742,THB
2026-06-12,BKK-HND,BKK,HND,Japan,Tokyo (Haneda),12922,THB
2026-06-13,BKK-HND,BKK,HND,Japan,Tokyo (Haneda),12915,THB
2026-06-14,BKK-HND,BKK,HND,Japan,Tokyo (Haneda),12780,THB
2026-06-15,BKK-HND,BKK,HND,Japan,Tokyo (Haneda),12780,THB
2026-06-16,BKK-HND,BKK,HND,Japan,Tokyo (Haneda),12291,THB
2026-06-17,BKK-HND,BKK,HND,Japan,Tokyo (Haneda),12295,THB
2026-06-19,BKK-HND,BKK,HND,Japan,Tokyo (Haneda),11899,THB
2026-06-21,BKK-HND,BKK,HND,Japan,Tokyo (Haneda),11253,THB
2026-06-22,BKK-HND,BKK,HND,Japan,Tokyo (Haneda),11253,THB
2026-06-23,BKK-HND,BKK,HND,Japan,Tokyo (Haneda),11253,THB
2026-06-24,BKK-HND,BKK,HND,Japan,Tokyo (Haneda),11253,THB
2026-06-25,BKK-HND,BKK,HND,Japan,Tokyo (Haneda),11823,THB
2026-06-26,BKK-HND,BKK,HND,Japan,Tokyo (Haneda),11810,THB
2026-06-27,BKK-HND,BKK,HND,Japan,Tokyo (Haneda),11202,THB
2026-06-29,BKK-HND,BKK,HND,Japan,Tokyo (Haneda),11202,THB
2026-06-30,BKK-HND,BKK,HND,Japan,Tokyo (Haneda),11202,THB
2026-07-01,BKK-HND,BKK,HND,Japan,Tokyo (Haneda),11202,THB
2026-07-02,BKK-HND,BKK,HND,Japan,Tokyo (Haneda),11202,THB
2026-07-04,BKK-HND,BKK,HND,Japan,Tokyo (Haneda),12513,THB
2026-07-05,BKK-HND,BKK,HND,Japan,Tokyo (Haneda),12513,THB
2026-07-06,BKK-HND,BKK,HND,Japan,Tokyo (Haneda),12561,THB
2026-07-07,BKK-HND,BKK,HND,Japan,Tokyo (Haneda),12350,THB
2026-07-08,BKK-HND,BKK,HND,Japan,Tokyo (Haneda),12371,THB
2026-07-09,BKK-HND,BKK,HND,Japan,Tokyo (Haneda),12332,THB
2026-07-10,BKK-HND,BKK,HND,Japan,Tokyo (Haneda),12303,THB
2026-07-13,BKK-HND,BKK,HND,Japan,Tokyo (Haneda),12303,THB
2026-07-14,BKK-HND,BKK,HND,Japan,Tokyo (Haneda),12303,THB
2026-07-16,BKK-HND,BKK,HND,Japan,Tokyo (Haneda),12662,THB
2026-07-17,BKK-HND,BKK,HND,Japan,Tokyo (Haneda),12669,THB
2026-07-20,BKK-HND,BKK,HND,Japan,Tokyo (Haneda),12675,THB
2026-07-21,BKK-HND,BKK,HND,Japan,Tokyo (Haneda),12675,THB
2026-07-22,BKK-HND,BKK,HND,Japan,Tokyo (Haneda),12773,THB
2026-07-23,BKK-HND,BKK,HND,Japan,Tokyo (Haneda),12717,THB
2026-07-24,BKK-HND,BKK,HND,Japan,Tokyo (Haneda),12638,THB
2026-07-30,BKK-HND,BKK,HND,Japan,Tokyo (Haneda),10574,THB
2026-07-31,BKK-HND,BKK,HND,Japan,Tokyo (Haneda),10574,THB
2026-08-02,BKK-HND,BKK,HND,Japan,Tokyo (Haneda),10574,THB
2026-08-03,BKK-HND,BKK,HND,Japan,Tokyo (Haneda),10574,THB
2026-08-04,BKK-HND,BKK,HND,Japan,Tokyo (Haneda),12603,THB
2026-08-05,BKK-HND,BKK,HND,Japan,Tokyo (Haneda),12603,THB
2026-08-08,BKK-HND,BKK,HND,Japan,Tokyo (Haneda),12603,THB
2026-08-09,BKK-HND,BKK,HND,Japan,Tokyo (Haneda),12603,THB
2026-08-10,BKK-HND,BKK,HND,Japan,Tokyo (Haneda),12603,THB
2026-08-11,BKK-HND,BKK,HND,Japan,Tokyo (Haneda),13145,THB
2026-08-12,BKK-HND,BKK,HND,Japan,Tokyo (Haneda),13145,THB
2026-08-13,BKK-HND,BKK,HND,Japan,Tokyo (Haneda),12972,THB
2026-08-14,BKK-HND,BKK,HND,Japan,Tokyo (Haneda),12972,THB
2026-08-15,BKK-HND,BKK,HND,Japan,Tokyo (Haneda),12972,THB
2026-08-16,BKK-HND,BKK,HND,Japan,Tokyo (Haneda),12972,THB
2026-08-17,BKK-HND,BKK,HND,Japan,Tokyo (Haneda),11611,THB
2026-08-18,BKK-HND,BKK,HND,Japan,Tokyo (Haneda),11611,THB
2026-08-19,BKK-HND,BKK,HND,Japan,Tokyo (Haneda),11611,THB
2026-08-20,BKK-HND,BKK,HND,Japan,Tokyo (Haneda),11611,THB
2026-08-21,BKK-HND,BKK,HND,Japan,Tokyo (Haneda),11611,THB
2026-06-11,BKK-KBV,BKK,KBV,Thailand,Krabi,1666,THB
2026-06-12,BKK-KBV,BKK,KBV,Thailand,Krabi,1819,THB
2026-06-13,BKK-KBV,BKK,KBV,Thailand,Krabi,1819,THB
2026-06-14,BKK-KBV,BKK,KBV,Thailand,Krabi,1819,THB
2026-06-15,BKK-KBV,BKK,KBV,Thailand,Krabi,970,THB
2026-06-16,BKK-KBV,BKK,KBV,Thailand,Krabi,1732,THB
2026-06-17,BKK-KBV,BKK,KBV,Thailand,Krabi,1423,THB
2026-06-19,BKK-KBV,BKK,KBV,Thailand,Krabi,1428,THB
2026-06-21,BKK-KBV,BKK,KBV,Thailand,Krabi,1428,THB
2026-06-22,BKK-KBV,BKK,KBV,Thailand,Krabi,1428,THB
2026-06-23,BKK-KBV,BKK,KBV,Thailand,Krabi,1428,THB
2026-06-24,BKK-KBV,BKK,KBV,Thailand,Krabi,1739,THB
2026-06-25,BKK-KBV,BKK,KBV,Thailand,Krabi,1739,THB
2026-06-26,BKK-KBV,BKK,KBV,Thailand,Krabi,2149,THB
2026-06-27,BKK-KBV,BKK,KBV,Thailand,Krabi,2150,THB
2026-06-29,BKK-KBV,BKK,KBV,Thailand,Krabi,2150,THB
2026-06-30,BKK-KBV,BKK,KBV,Thailand,Krabi,2150,THB
2026-07-01,BKK-KBV,BKK,KBV,Thailand,Krabi,2150,THB
2026-07-02,BKK-KBV,BKK,KBV,Thailand,Krabi,2150,THB
2026-07-04,BKK-KBV,BKK,KBV,Thailand,Krabi,2355,THB
2026-07-05,BKK-KBV,BKK,KBV,Thailand,Krabi,2282,THB
2026-07-06,BKK-KBV,BKK,KBV,Thailand,Krabi,2282,THB
2026-07-07,BKK-KBV,BKK,KBV,Thailand,Krabi,2254,THB
2026-07-08,BKK-KBV,BKK,KBV,Thailand,Krabi,2264,THB
2026-07-09,BKK-KBV,BKK,KBV,Thailand,Krabi,2256,THB
2026-07-10,BKK-KBV,BKK,KBV,Thailand,Krabi,2251,THB
2026-07-13,BKK-KBV,BKK,KBV,Thailand,Krabi,2241,THB
2026-07-14,BKK-KBV,BKK,KBV,Thailand,Krabi,1940,THB
2026-07-16,BKK-KBV,BKK,KBV,Thailand,Krabi,1941,THB
2026-07-17,BKK-KBV,BKK,KBV,Thailand,Krabi,1407,THB
2026-07-20,BKK-KBV,BKK,KBV,Thailand,Krabi,1667,THB
2026-07-21,BKK-KBV,BKK,KBV,Thailand,Krabi,1667,THB
2026-07-22,BKK-KBV,BKK,KBV,Thailand,Krabi,1667,THB
2026-07-23,BKK-KBV,BKK,KBV,Thailand,Krabi,1667,THB
2026-07-24,BKK-KBV,BKK,KBV,Thailand,Krabi,1667,THB
2026-07-30,BKK-KBV,BKK,KBV,Thailand,Krabi,1859,THB
2026-07-31,BKK-KBV,BKK,KBV,Thailand,Krabi,1820,THB
2026-08-02,BKK-KBV,BKK,KBV,Thailand,Krabi,1874,THB
2026-08-03,BKK-KBV,BKK,KBV,Thailand,Krabi,1874,THB
2026-08-04,BKK-KBV,BKK,KBV,Thailand,Krabi,1874,THB
2026-08-05,BKK-KBV,BKK,KBV,Thailand,Krabi,1874,THB
2026-08-08,BKK-KBV,BKK,KBV,Thailand,Krabi,2062,THB
2026-08-09,BKK-KBV,BKK,KBV,Thailand,Krabi,2062,THB
2026-08-10,BKK-KBV,BKK,KBV,Thailand,Krabi,2062,THB
2026-08-11,BKK-KBV,BKK,KBV,Thailand,Krabi,2050,THB
2026-08-12,BKK-KBV,BKK,KBV,Thailand,Krabi,2051,THB
2026-08-13,BKK-KBV,BKK,KBV,Thailand,Krabi,1754,THB
2026-08-14,BKK-KBV,BKK,KBV,Thailand,Krabi,788,THB
2026-08-15,BKK-KBV,BKK,KBV,Thailand,Krabi,788,THB
2026-08-16,BKK-KBV,BKK,KBV,Thailand,Krabi,831,THB
2026-08-17,BKK-KBV,BKK,KBV,Thailand,Krabi,831,THB
2026-08-18,BKK-KBV,BKK,KBV,Thailand,Krabi,1072,THB
2026-08-19,BKK-KBV,BKK,KBV,Thailand,Krabi,1072,THB
2026-08-20,BKK-KBV,BKK,KBV,Thailand,Krabi,1072,THB
2026-08-21,BKK-KBV,BKK,KBV,Thailand,Krabi,1123,THB
2026-06-11,BKK-KIX,BKK,KIX,Japan,Osaka,10808,THB
2026-06-12,BKK-KIX,BKK,KIX,Japan,Osaka,10808,THB
2026-06-13,BKK-KIX,BKK,KIX,Japan,Osaka,10808,THB
2026-06-14,BKK-KIX,BKK,KIX,Japan,Osaka,10742,THB
2026-06-15,BKK-KIX,BKK,KIX,Japan,Osaka,10742,THB
2026-06-16,BKK-KIX,BKK,KIX,Japan,Osaka,11022,THB
2026-06-17,BKK-KIX,BKK,KIX,Japan,Osaka,11022,THB
2026-06-19,BKK-KIX,BKK,KIX,Japan,Osaka,10878,THB
2026-06-21,BKK-KIX,BKK,KIX,Japan,Osaka,10882,THB
2026-06-22,BKK-KIX,BKK,KIX,Japan,Osaka,10882,THB
2026-06-23,BKK-KIX,BKK,KIX,Japan,Osaka,10882,THB
2026-06-24,BKK-KIX,BKK,KIX,Japan,Osaka,10882,THB
2026-06-25,BKK-KIX,BKK,KIX,Japan,Osaka,10882,THB
2026-06-26,BKK-KIX,BKK,KIX,Japan,Osaka,10957,THB
2026-06-27,BKK-KIX,BKK,KIX,Japan,Osaka,10962,THB
2026-06-29,BKK-KIX,BKK,KIX,Japan,Osaka,10962,THB
2026-06-30,BKK-KIX,BKK,KIX,Japan,Osaka,9636,THB
2026-07-01,BKK-KIX,BKK,KIX,Japan,Osaka,9623,THB
2026-07-02,BKK-KIX,BKK,KIX,Japan,Osaka,9623,THB
2026-07-04,BKK-KIX,BKK,KIX,Japan,Osaka,9623,THB
2026-07-05,BKK-KIX,BKK,KIX,Japan,Osaka,9623,THB
2026-07-06,BKK-KIX,BKK,KIX,Japan,Osaka,9623,THB
2026-07-07,BKK-KIX,BKK,KIX,Japan,Osaka,9623,THB
2026-07-08,BKK-KIX,BKK,KIX,Japan,Osaka,9998,THB
2026-07-09,BKK-KIX,BKK,KIX,Japan,Osaka,9998,THB
2026-07-10,BKK-KIX,BKK,KIX,Japan,Osaka,9832,THB
2026-07-13,BKK-KIX,BKK,KIX,Japan,Osaka,9825,THB
2026-07-14,BKK-KIX,BKK,KIX,Japan,Osaka,9328,THB
2026-07-16,BKK-KIX,BKK,KIX,Japan,Osaka,9075,THB
2026-07-17,BKK-KIX,BKK,KIX,Japan,Osaka,9075,THB
2026-07-20,BKK-KIX,BKK,KIX,Japan,Osaka,9075,THB
2026-07-21,BKK-KIX,BKK,KIX,Japan,Osaka,9075,THB
2026-07-22,BKK-KIX,BKK,KIX,Japan,Osaka,9872,THB
2026-07-23,BKK-KIX,BKK,KIX,Japan,Osaka,10585,THB
2026-07-24,BKK-KIX,BKK,KIX,Japan,Osaka,9436,THB
2026-07-30,BKK-KIX,BKK,KIX,Japan,Osaka,9436,THB
2026-07-31,BKK-KIX,BKK,KIX,Japan,Osaka,10147,THB
2026-08-02,BKK-KIX,BKK,KIX,Japan,Osaka,10239,THB
2026-08-03,BKK-KIX,BKK,KIX,Japan,Osaka,10239,THB
2026-08-04,BKK-KIX,BKK,KIX,Japan,Osaka,10614,THB
2026-08-05,BKK-KIX,BKK,KIX,Japan,Osaka,11502,THB
2026-08-08,BKK-KIX,BKK,KIX,Japan,Osaka,10623,THB
2026-08-09,BKK-KIX,BKK,KIX,Japan,Osaka,10623,THB
2026-08-10,BKK-KIX,BKK,KIX,Japan,Osaka,10623,THB
2026-08-11,BKK-KIX,BKK,KIX,Japan,Osaka,10623,THB
2026-08-12,BKK-KIX,BKK,KIX,Japan,Osaka,9066,THB
2026-08-13,BKK-KIX,BKK,KIX,Japan,Osaka,9066,THB
2026-08-14,BKK-KIX,BKK,KIX,Japan,Osaka,9066,THB
2026-08-15,BKK-KIX,BKK,KIX,Japan,Osaka,9066,THB
2026-08-16,BKK-KIX,BKK,KIX,Japan,Osaka,9066,THB
2026-08-17,BKK-KIX,BKK,KIX,Japan,Osaka,9066,THB
2026-08-18,BKK-KIX,BKK,KIX,Japan,Osaka,9066,THB
2026-08-19,BKK-KIX,BKK,KIX,Japan,Osaka,9567,THB
2026-08-20,BKK-KIX,BKK,KIX,Japan,Osaka,9140,THB
2026-08-21,BKK-KIX,BKK,KIX,Japan,Osaka,9140,THB
2026-06-11,BKK-NRT,BKK,NRT,Japan,Tokyo (Narita),10281,THB
2026-06-12,BKK-NRT,BKK,NRT,Japan,Tokyo (Narita),10281,THB
2026-06-13,BKK-NRT,BKK,NRT,Japan,Tokyo (Narita),10281,THB
2026-06-14,BKK-NRT,BKK,NRT,Japan,Tokyo (Narita),8767,THB
2026-06-15,BKK-NRT,BKK,NRT,Japan,Tokyo (Narita),10281,THB
2026-06-16,BKK-NRT,BKK,NRT,Japan,Tokyo (Narita),10281,THB
2026-06-17,BKK-NRT,BKK,NRT,Japan,Tokyo (Narita),11254,THB
2026-06-19,BKK-NRT,BKK,NRT,Japan,Tokyo (Narita),11254,THB
2026-06-21,BKK-NRT,BKK,NRT,Japan,Tokyo (Narita),11254,THB
2026-06-22,BKK-NRT,BKK,NRT,Japan,Tokyo (Narita),11254,THB
2026-06-23,BKK-NRT,BKK,NRT,Japan,Tokyo (Narita),11140,THB
2026-06-24,BKK-NRT,BKK,NRT,Japan,Tokyo (Narita),11137,THB
2026-06-25,BKK-NRT,BKK,NRT,Japan,Tokyo (Narita),11137,THB
2026-06-26,BKK-NRT,BKK,NRT,Japan,Tokyo (Narita),10904,THB
2026-06-27,BKK-NRT,BKK,NRT,Japan,Tokyo (Narita),10904,THB
2026-06-29,BKK-NRT,BKK,NRT,Japan,Tokyo (Narita),10904,THB
2026-06-30,BKK-NRT,BKK,NRT,Japan,Tokyo (Narita),9147,THB
2026-07-01,BKK-NRT,BKK,NRT,Japan,Tokyo (Narita),9136,THB
2026-07-02,BKK-NRT,BKK,NRT,Japan,Tokyo (Narita),9136,THB
2026-07-04,BKK-NRT,BKK,NRT,Japan,Tokyo (Narita),9136,THB
2026-07-05,BKK-NRT,BKK,NRT,Japan,Tokyo (Narita),9136,THB
2026-07-06,BKK-NRT,BKK,NRT,Japan,Tokyo (Narita),9136,THB
2026-07-07,BKK-NRT,BKK,NRT,Japan,Tokyo (Narita),10044,THB
2026-07-08,BKK-NRT,BKK,NRT,Japan,Tokyo (Narita),8543,THB
2026-07-09,BKK-NRT,BKK,NRT,Japan,Tokyo (Narita),8539,THB
2026-07-10,BKK-NRT,BKK,NRT,Japan,Tokyo (Narita),8539,THB
2026-07-13,BKK-NRT,BKK,NRT,Japan,Tokyo (Narita),8539,THB
2026-07-14,BKK-NRT,BKK,NRT,Japan,Tokyo (Narita),8539,THB
2026-07-16,BKK-NRT,BKK,NRT,Japan,Tokyo (Narita),9304,THB
2026-07-17,BKK-NRT,BKK,NRT,Japan,Tokyo (Narita),9304,THB
2026-07-20,BKK-NRT,BKK,NRT,Japan,Tokyo (Narita),9304,THB
2026-07-21,BKK-NRT,BKK,NRT,Japan,Tokyo (Narita),9304,THB
2026-07-22,BKK-NRT,BKK,NRT,Japan,Tokyo (Narita),9854,THB
2026-07-23,BKK-NRT,BKK,NRT,Japan,Tokyo (Narita),9854,THB
2026-07-24,BKK-NRT,BKK,NRT,Japan,Tokyo (Narita),9854,THB
2026-07-30,BKK-NRT,BKK,NRT,Japan,Tokyo (Narita),9369,THB
2026-07-31,BKK-NRT,BKK,NRT,Japan,Tokyo (Narita),9369,THB
2026-08-02,BKK-NRT,BKK,NRT,Japan,Tokyo (Narita),9369,THB
2026-08-03,BKK-NRT,BKK,NRT,Japan,Tokyo (Narita),9369,THB
2026-08-04,BKK-NRT,BKK,NRT,Japan,Tokyo (Narita),10732,THB
2026-08-05,BKK-NRT,BKK,NRT,Japan,Tokyo (Narita),10732,THB
2026-08-08,BKK-NRT,BKK,NRT,Japan,Tokyo (Narita),10679,THB
2026-08-09,BKK-NRT,BKK,NRT,Japan,Tokyo (Narita),10679,THB
2026-08-10,BKK-NRT,BKK,NRT,Japan,Tokyo (Narita),10679,THB
2026-08-11,BKK-NRT,BKK,NRT,Japan,Tokyo (Narita),10679,THB
2026-08-12,BKK-NRT,BKK,NRT,Japan,Tokyo (Narita),10679,THB
2026-08-13,BKK-NRT,BKK,NRT,Japan,Tokyo (Narita),10679,THB
2026-08-14,BKK-NRT,BKK,NRT,Japan,Tokyo (Narita),10679,THB
2026-08-15,BKK-NRT,BKK,NRT,Japan,Tokyo (Narita),11125,THB
2026-08-16,BKK-NRT,BKK,NRT,Japan,Tokyo (Narita),11125,THB
2026-08-17,BKK-NRT,BKK,NRT,Japan,Tokyo (Narita),11125,THB
2026-08-18,BKK-NRT,BKK,NRT,Japan,Tokyo (Narita),11125,THB
2026-08-19,BKK-NRT,BKK,NRT,Japan,Tokyo (Narita),11125,THB
2026-08-20,BKK-NRT,BKK,NRT,Japan,Tokyo (Narita),11125,THB
2026-08-21,BKK-NRT,BKK,NRT,Japan,Tokyo (Narita),11367,THB
2026-06-11,BKK-PEK,BKK,PEK,China,Beijing,8761,THB
2026-06-12,BKK-PEK,BKK,PEK,China,Beijing,8761,THB
2026-06-13,BKK-PEK,BKK,PEK,China,Beijing,8761,THB
2026-06-14,BKK-PEK,BKK,PEK,China,Beijing,8761,THB
2026-06-15,BKK-PEK,BKK,PEK,China,Beijing,8761,THB
2026-06-16,BKK-PEK,BKK,PEK,China,Beijing,9169,THB
2026-06-17,BKK-PEK,BKK,PEK,China,Beijing,9002,THB
2026-06-19,BKK-PEK,BKK,PEK,China,Beijing,9169,THB
2026-06-21,BKK-PEK,BKK,PEK,China,Beijing,9670,THB
2026-06-22,BKK-PEK,BKK,PEK,China,Beijing,9200,THB
2026-06-23,BKK-PEK,BKK,PEK,China,Beijing,8810,THB
2026-06-24,BKK-PEK,BKK,PEK,China,Beijing,8810,THB
2026-06-25,BKK-PEK,BKK,PEK,China,Beijing,9507,THB
2026-06-26,BKK-PEK,BKK,PEK,China,Beijing,9574,THB
2026-06-27,BKK-PEK,BKK,PEK,China,Beijing,9574,THB
2026-06-29,BKK-PEK,BKK,PEK,China,Beijing,9238,THB
2026-06-30,BKK-PEK,BKK,PEK,China,Beijing,9238,THB
2026-07-01,BKK-PEK,BKK,PEK,China,Beijing,8665,THB
2026-07-02,BKK-PEK,BKK,PEK,China,Beijing,8665,THB
2026-07-04,BKK-PEK,BKK,PEK,China,Beijing,8665,THB
2026-07-05,BKK-PEK,BKK,PEK,China,Beijing,8665,THB
2026-07-06,BKK-PEK,BKK,PEK,China,Beijing,8665,THB
2026-07-07,BKK-PEK,BKK,PEK,China,Beijing,8711,THB
2026-07-08,BKK-PEK,BKK,PEK,China,Beijing,9001,THB
2026-07-09,BKK-PEK,BKK,PEK,China,Beijing,9290,THB
2026-07-10,BKK-PEK,BKK,PEK,China,Beijing,8965,THB
2026-07-13,BKK-PEK,BKK,PEK,China,Beijing,8575,THB
2026-07-14,BKK-PEK,BKK,PEK,China,Beijing,8609,THB
2026-07-16,BKK-PEK,BKK,PEK,China,Beijing,8579,THB
2026-07-17,BKK-PEK,BKK,PEK,China,Beijing,8579,THB
2026-07-20,BKK-PEK,BKK,PEK,China,Beijing,8722,THB
2026-07-21,BKK-PEK,BKK,PEK,China,Beijing,8806,THB
2026-07-22,BKK-PEK,BKK,PEK,China,Beijing,8542,THB
2026-07-23,BKK-PEK,BKK,PEK,China,Beijing,8806,THB
2026-07-24,BKK-PEK,BKK,PEK,China,Beijing,8638,THB
2026-07-30,BKK-PEK,BKK,PEK,China,Beijing,7587,THB
2026-07-31,BKK-PEK,BKK,PEK,China,Beijing,7587,THB
2026-08-02,BKK-PEK,BKK,PEK,China,Beijing,7587,THB
2026-08-03,BKK-PEK,BKK,PEK,China,Beijing,7587,THB
2026-08-04,BKK-PEK,BKK,PEK,China,Beijing,7592,THB
2026-08-05,BKK-PEK,BKK,PEK,China,Beijing,7217,THB
2026-08-08,BKK-PEK,BKK,PEK,China,Beijing,7062,THB
2026-08-09,BKK-PEK,BKK,PEK,China,Beijing,7062,THB
2026-08-10,BKK-PEK,BKK,PEK,China,Beijing,7062,THB
2026-08-11,BKK-PEK,BKK,PEK,China,Beijing,7062,THB
2026-08-12,BKK-PEK,BKK,PEK,China,Beijing,6346,THB
2026-08-13,BKK-PEK,BKK,PEK,China,Beijing,6346,THB
2026-08-14,BKK-PEK,BKK,PEK,China,Beijing,6346,THB
2026-08-15,BKK-PEK,BKK,PEK,China,Beijing,6346,THB
2026-08-16,BKK-PEK,BKK,PEK,China,Beijing,6346,THB
2026-08-17,BKK-PEK,BKK,PEK,China,Beijing,6346,THB
2026-08-18,BKK-PEK,BKK,PEK,China,Beijing,6346,THB
2026-08-19,BKK-PEK,BKK,PEK,China,Beijing,6962,THB
2026-08-20,BKK-PEK,BKK,PEK,China,Beijing,6962,THB
2026-08-21,BKK-PEK,BKK,PEK,China,Beijing,6962,THB
2026-06-11,BKK-PVG,BKK,PVG,China,Shanghai,7669,THB
2026-06-12,BKK-PVG,BKK,PVG,China,Shanghai,7126,THB
2026-06-13,BKK-PVG,BKK,PVG,China,Shanghai,7123,THB
2026-06-14,BKK-PVG,BKK,PVG,China,Shanghai,7123,THB
2026-06-15,BKK-PVG,BKK,PVG,China,Shanghai,7586,THB
2026-06-16,BKK-PVG,BKK,PVG,China,Shanghai,7594,THB
2026-06-17,BKK-PVG,BKK,PVG,China,Shanghai,7489,THB
2026-06-19,BKK-PVG,BKK,PVG,China,Shanghai,6788,THB
2026-06-21,BKK-PVG,BKK,PVG,China,Shanghai,6788,THB
2026-06-22,BKK-PVG,BKK,PVG,China,Shanghai,7216,THB
2026-06-23,BKK-PVG,BKK,PVG,China,Shanghai,7192,THB
2026-06-24,BKK-PVG,BKK,PVG,China,Shanghai,7192,THB
2026-06-25,BKK-PVG,BKK,PVG,China,Shanghai,7192,THB
2026-06-26,BKK-PVG,BKK,PVG,China,Shanghai,7192,THB
2026-06-27,BKK-PVG,BKK,PVG,China,Shanghai,7192,THB
2026-06-29,BKK-PVG,BKK,PVG,China,Shanghai,7192,THB
2026-06-30,BKK-PVG,BKK,PVG,China,Shanghai,7330,THB
2026-07-01,BKK-PVG,BKK,PVG,China,Shanghai,7330,THB
2026-07-02,BKK-PVG,BKK,PVG,China,Shanghai,7330,THB
2026-07-04,BKK-PVG,BKK,PVG,China,Shanghai,7551,THB
2026-07-05,BKK-PVG,BKK,PVG,China,Shanghai,7633,THB
2026-07-06,BKK-PVG,BKK,PVG,China,Shanghai,7632,THB
2026-07-07,BKK-PVG,BKK,PVG,China,Shanghai,7632,THB
2026-07-08,BKK-PVG,BKK,PVG,China,Shanghai,6910,THB
2026-07-09,BKK-PVG,BKK,PVG,China,Shanghai,6907,THB
2026-07-10,BKK-PVG,BKK,PVG,China,Shanghai,6907,THB
2026-07-13,BKK-PVG,BKK,PVG,China,Shanghai,6907,THB
2026-07-14,BKK-PVG,BKK,PVG,China,Shanghai,6907,THB
2026-07-16,BKK-PVG,BKK,PVG,China,Shanghai,7040,THB
2026-07-17,BKK-PVG,BKK,PVG,China,Shanghai,7040,THB
2026-07-20,BKK-PVG,BKK,PVG,China,Shanghai,7052,THB
2026-07-21,BKK-PVG,BKK,PVG,China,Shanghai,7052,THB
2026-07-22,BKK-PVG,BKK,PVG,China,Shanghai,6974,THB
2026-07-23,BKK-PVG,BKK,PVG,China,Shanghai,6713,THB
2026-07-24,BKK-PVG,BKK,PVG,China,Shanghai,6700,THB
2026-07-30,BKK-PVG,BKK,PVG,China,Shanghai,6095,THB
2026-07-31,BKK-PVG,BKK,PVG,China,Shanghai,6065,THB
2026-08-02,BKK-PVG,BKK,PVG,China,Shanghai,6065,THB
2026-08-03,BKK-PVG,BKK,PVG,China,Shanghai,6065,THB
2026-08-04,BKK-PVG,BKK,PVG,China,Shanghai,6065,THB
2026-08-05,BKK-PVG,BKK,PVG,China,Shanghai,6065,THB
2026-08-08,BKK-PVG,BKK,PVG,China,Shanghai,6089,THB
2026-08-09,BKK-PVG,BKK,PVG,China,Shanghai,6089,THB
2026-08-10,BKK-PVG,BKK,PVG,China,Shanghai,6089,THB
2026-08-11,BKK-PVG,BKK,PVG,China,Shanghai,6084,THB
2026-08-12,BKK-PVG,BKK,PVG,China,Shanghai,6084,THB
2026-08-13,BKK-PVG,BKK,PVG,China,Shanghai,6084,THB
2026-08-14,BKK-PVG,BKK,PVG,China,Shanghai,6387,THB
2026-08-15,BKK-PVG,BKK,PVG,China,Shanghai,6387,THB
2026-08-16,BKK-PVG,BKK,PVG,China,Shanghai,6387,THB
2026-08-17,BKK-PVG,BKK,PVG,China,Shanghai,6457,THB
2026-08-18,BKK-PVG,BKK,PVG,China,Shanghai,6323,THB
2026-08-19,BKK-PVG,BKK,PVG,China,Shanghai,6323,THB
2026-08-20,BKK-PVG,BKK,PVG,China,Shanghai,6323,THB
2026-08-21,BKK-PVG,BKK,PVG,China,Shanghai,6323,THB
2026-06-11,BKK-SGN,BKK,SGN,Vietnam,Ho Chi Minh City,5363,THB
2026-06-12,BKK-SGN,BKK,SGN,Vietnam,Ho Chi Minh City,5363,THB
2026-06-13,BKK-SGN,BKK,SGN,Vietnam,Ho Chi Minh City,5139,THB
2026-06-14,BKK-SGN,BKK,SGN,Vietnam,Ho Chi Minh City,5027,THB
2026-06-15,BKK-SGN,BKK,SGN,Vietnam,Ho Chi Minh City,5027,THB
2026-06-16,BKK-SGN,BKK,SGN,Vietnam,Ho Chi Minh City,5027,THB
2026-06-17,BKK-SGN,BKK,SGN,Vietnam,Ho Chi Minh City,5027,THB
2026-06-19,BKK-SGN,BKK,SGN,Vietnam,Ho Chi Minh City,5015,THB
2026-06-21,BKK-SGN,BKK,SGN,Vietnam,Ho Chi Minh City,5017,THB
2026-06-22,BKK-SGN,BKK,SGN,Vietnam,Ho Chi Minh City,5017,THB
2026-06-23,BKK-SGN,BKK,SGN,Vietnam,Ho Chi Minh City,5017,THB
2026-06-24,BKK-SGN,BKK,SGN,Vietnam,Ho Chi Minh City,5017,THB
2026-06-25,BKK-SGN,BKK,SGN,Vietnam,Ho Chi Minh City,5017,THB
2026-06-26,BKK-SGN,BKK,SGN,Vietnam,Ho Chi Minh City,5146,THB
2026-06-27,BKK-SGN,BKK,SGN,Vietnam,Ho Chi Minh City,5118,THB
2026-06-29,BKK-SGN,BKK,SGN,Vietnam,Ho Chi Minh City,4598,THB
2026-06-30,BKK-SGN,BKK,SGN,Vietnam,Ho Chi Minh City,4598,THB
2026-07-01,BKK-SGN,BKK,SGN,Vietnam,Ho Chi Minh City,4598,THB
2026-07-02,BKK-SGN,BKK,SGN,Vietnam,Ho Chi Minh City,4598,THB
2026-07-04,BKK-SGN,BKK,SGN,Vietnam,Ho Chi Minh City,4704,THB
2026-07-05,BKK-SGN,BKK,SGN,Vietnam,Ho Chi Minh City,4704,THB
2026-07-06,BKK-SGN,BKK,SGN,Vietnam,Ho Chi Minh City,4704,THB
2026-07-07,BKK-SGN,BKK,SGN,Vietnam,Ho Chi Minh City,4704,THB
2026-07-08,BKK-SGN,BKK,SGN,Vietnam,Ho Chi Minh City,4704,THB
2026-07-09,BKK-SGN,BKK,SGN,Vietnam,Ho Chi Minh City,4704,THB
2026-07-10,BKK-SGN,BKK,SGN,Vietnam,Ho Chi Minh City,4704,THB
2026-07-13,BKK-SGN,BKK,SGN,Vietnam,Ho Chi Minh City,4107,THB
2026-07-14,BKK-SGN,BKK,SGN,Vietnam,Ho Chi Minh City,4107,THB
2026-07-16,BKK-SGN,BKK,SGN,Vietnam,Ho Chi Minh City,4593,THB
2026-07-17,BKK-SGN,BKK,SGN,Vietnam,Ho Chi Minh City,4596,THB
2026-07-20,BKK-SGN,BKK,SGN,Vietnam,Ho Chi Minh City,4647,THB
2026-07-21,BKK-SGN,BKK,SGN,Vietnam,Ho Chi Minh City,4647,THB
2026-07-22,BKK-SGN,BKK,SGN,Vietnam,Ho Chi Minh City,4302,THB
2026-07-23,BKK-SGN,BKK,SGN,Vietnam,Ho Chi Minh City,4296,THB
2026-07-24,BKK-SGN,BKK,SGN,Vietnam,Ho Chi Minh City,4296,THB
2026-07-30,BKK-SGN,BKK,SGN,Vietnam,Ho Chi Minh City,4444,THB
2026-07-31,BKK-SGN,BKK,SGN,Vietnam,Ho Chi Minh City,4444,THB
2026-08-02,BKK-SGN,BKK,SGN,Vietnam,Ho Chi Minh City,3004,THB
2026-08-03,BKK-SGN,BKK,SGN,Vietnam,Ho Chi Minh City,3004,THB
2026-08-04,BKK-SGN,BKK,SGN,Vietnam,Ho Chi Minh City,3004,THB
2026-08-05,BKK-SGN,BKK,SGN,Vietnam,Ho Chi Minh City,4594,THB
2026-08-08,BKK-SGN,BKK,SGN,Vietnam,Ho Chi Minh City,4571,THB
2026-08-09,BKK-SGN,BKK,SGN,Vietnam,Ho Chi Minh City,4571,THB
2026-08-10,BKK-SGN,BKK,SGN,Vietnam,Ho Chi Minh City,4571,THB
2026-08-11,BKK-SGN,BKK,SGN,Vietnam,Ho Chi Minh City,4479,THB
2026-08-12,BKK-SGN,BKK,SGN,Vietnam,Ho Chi Minh City,4479,THB
2026-08-13,BKK-SGN,BKK,SGN,Vietnam,Ho Chi Minh City,4479,THB
2026-08-14,BKK-SGN,BKK,SGN,Vietnam,Ho Chi Minh City,4479,THB
2026-08-15,BKK-SGN,BKK,SGN,Vietnam,Ho Chi Minh City,4479,THB
2026-08-16,BKK-SGN,BKK,SGN,Vietnam,Ho Chi Minh City,4479,THB
2026-08-17,BKK-SGN,BKK,SGN,Vietnam,Ho Chi Minh City,4479,THB
2026-08-18,BKK-SGN,BKK,SGN,Vietnam,Ho Chi Minh City,4538,THB
2026-08-19,BKK-SGN,BKK,SGN,Vietnam,Ho Chi Minh City,4538,THB
2026-08-20,BKK-SGN,BKK,SGN,Vietnam,Ho Chi Minh City,4580,THB
2026-08-21,BKK-SGN,BKK,SGN,Vietnam,Ho Chi Minh City,4580,THB
