date,route,origin,destination,country,city,departure_date,price,currency
2026-08-03,BKK-HKT,BKK,HKT,Thailand,Phuket,2026-08-03,30670,THB
2026-08-03,BKK-HKT,BKK,HKT,Thailand,Phuket,2026-08-04,2540,THB
2026-08-03,BKK-HKT,BKK,HKT,Thailand,Phuket,2026-08-05,2490,THB
2026-08-03,BKK-HKT,BKK,HKT,Thailand,Phuket,2026-08-06,2451,THB
2026-08-03,BKK-HKT,BKK,HKT,Thailand,Phuket,2026-08-07,2748,THB
2026-08-03,BKK-HKT,BKK,HKT,Thailand,Phuket,2026-08-08,2340,THB
2026-08-03,BKK-HKT,BKK,HKT,Thailand,Phuket,2026-08-09,2593,THB
2026-08-03,BKK-HKT,BKK,HKT,Thailand,Phuket,2026-08-10,2451,THB
2026-08-03,BKK-HKT,BKK,HKT,Thailand,Phuket,2026-08-11,2364,THB
2026-08-03,BKK-HKT,BKK,HKT,Thailand,Phuket,2026-08-12,2043,THB
2026-08-03,BKK-HKT,BKK,HKT,Thailand,Phuket,2026-08-13,2244,THB
2026-08-03,BKK-HKT,BKK,HKT,Thailand,Phuket,2026-08-14,2479,THB
2026-08-03,BKK-HKT,BKK,HKT,Thailand,Phuket,2026-08-15,2197,THB
2026-08-03,BKK-HKT,BKK,HKT,Thailand,Phuket,2026-08-16,2562,THB
2026-08-03,BKK-HKT,BKK,HKT,Thailand,Phuket,2026-08-17,2148,THB
2026-08-03,BKK-HKT,BKK,HKT,Thailand,Phuket,2026-08-18,2165,THB
2026-08-03,BKK-HKT,BKK,HKT,Thailand,Phuket,2026-08-19,2153,THB
2026-08-03,BKK-HKT,BKK,HKT,Thailand,Phuket,2026-08-20,2172,THB
2026-08-03,BKK-HKT,BKK,HKT,Thailand,Phuket,2026-08-21,2407,THB
2026-08-03,BKK-HKT,BKK,HKT,Thailand,Phuket,2026-08-22,2172,THB
2026-08-03,BKK-HKT,BKK,HKT,Thailand,Phuket,2026-08-23,2459,THB
2026-08-03,BKK-HKT,BKK,HKT,Thailand,Phuket,2026-08-24,2080,THB
2026-08-03,BKK-HKT,BKK,HKT,Thailand,Phuket,2026-08-25,2265,THB
2026-08-03,BKK-HKT,BKK,HKT,Thailand,Phuket,2026-08-26,2197,THB
2026-08-03,BKK-HKT,BKK,HKT,Thailand,Phuket,2026-08-27,1972,THB
2026-08-03,BKK-HKT,BKK,HKT,Thailand,Phuket,2026-08-28,2294,THB
2026-08-03,BKK-HKT,BKK,HKT,Thailand,Phuket,2026-08-29,2249,THB
2026-08-03,BKK-HKT,BKK,HKT,Thailand,Phuket,2026-08-30,2197,THB
2026-08-03,BKK-HKT,BKK,HKT,Thailand,Phuket,2026-08-31,2217,THB
2026-08-03,BKK-HKT,BKK,HKT,Thailand,Phuket,2026-09-01,2289,THB
2026-08-03,BKK-HKT,BKK,HKT,Thailand,Phuket,2026-09-02,2313,THB
2026-08-03,BKK-HKT,BKK,HKT,Thailand,Phuket,2026-09-03,2303,THB
2026-08-03,BKK-HKT,BKK,HKT,Thailand,Phuket,2026-09-04,2507,THB
2026-08-03,BKK-HKT,BKK,HKT,Thailand,Phuket,2026-09-05,2201,THB
2026-08-03,BKK-HKT,BKK,HKT,Thailand,Phuket,2026-09-06,2080,THB
2026-08-03,BKK-HKT,BKK,HKT,Thailand,Phuket,2026-09-07,2012,THB
2026-08-03,BKK-HKT,BKK,HKT,Thailand,Phuket,2026-09-08,2072,THB
2026-08-03,BKK-HKT,BKK,HKT,Thailand,Phuket,2026-09-09,2315,THB
2026-08-03,BKK-HKT,BKK,HKT,Thailand,Phuket,2026-09-10,2269,THB
2026-08-03,BKK-HKT,BKK,HKT,Thailand,Phuket,2026-09-11,2327,THB
2026-08-03,BKK-HKT,BKK,HKT,Thailand,Phuket,2026-09-12,2348,THB
2026-08-03,BKK-HKT,BKK,HKT,Thailand,Phuket,2026-09-13,2202,THB
2026-08-03,BKK-HKT,BKK,HKT,Thailand,Phuket,2026-09-14,2221,THB
2026-08-03,BKK-HKT,BKK,HKT,Thailand,Phuket,2026-09-16,2272,THB
2026-08-03,BKK-HKT,BKK,HKT,Thailand,Phuket,2026-09-17,2354,THB
2026-08-03,BKK-HKT,BKK,HKT,Thailand,Phuket,2026-09-18,2460,THB
2026-08-03,BKK-HKT,BKK,HKT,Thailand,Phuket,2026-09-19,2591,THB
2026-08-03,BKK-HKT,BKK,HKT,Thailand,Phuket,2026-09-20,2460,THB
2026-08-03,BKK-HKT,BKK,HKT,Thailand,Phuket,2026-09-21,2317,THB
2026-08-03,BKK-HKT,BKK,HKT,Thailand,Phuket,2026-09-22,2319,THB
2026-08-03,BKK-HKT,BKK,HKT,Thailand,Phuket,2026-09-23,2276,THB
2026-08-03,BKK-HKT,BKK,HKT,Thailand,Phuket,2026-09-24,2385,THB
2026-08-03,BKK-HKT,BKK,HKT,Thailand,Phuket,2026-09-25,2062,THB
2026-08-03,BKK-HKT,BKK,HKT,Thailand,Phuket,2026-09-26,2412,THB
2026-08-03,BKK-HKT,BKK,HKT,Thailand,Phuket,2026-09-27,2411,THB
2026-08-03,BKK-HKT,BKK,HKT,Thailand,Phuket,2026-09-28,2418,THB
2026-08-03,BKK-HKT,BKK,HKT,Thailand,Phuket,2026-09-29,2474,THB
2026-08-03,BKK-HKT,BKK,HKT,Thailand,Phuket,2026-09-30,2320,THB
2026-08-03,BKK-HKT,BKK,HKT,Thailand,Phuket,2026-10-01,2541,THB
2026-08-03,BKK-HKT,BKK,HKT,Thailand,Phuket,2026-10-02,2541,THB
2026-08-03,BKK-HKT,BKK,HKT,Thailand,Phuket,2026-10-03,2615,THB
2026-08-03,BKK-HKT,BKK,HKT,Thailand,Phuket,2026-10-04,2546,THB
2026-08-03,BKK-HKT,BKK,HKT,Thailand,Phuket,2026-10-05,2457,THB
2026-08-03,BKK-HKT,BKK,HKT,Thailand,Phuket,2026-10-06,2597,THB
2026-08-03,BKK-HKT,BKK,HKT,Thailand,Phuket,2026-10-07,2612,THB
2026-08-03,BKK-HKT,BKK,HKT,Thailand,Phuket,2026-10-08,2534,THB
2026-08-03,BKK-HKT,BKK,HKT,Thailand,Phuket,2026-10-09,2731,THB
2026-08-03,BKK-HKT,BKK,HKT,Thailand,Phuket,2026-10-10,2677,THB
2026-08-03,BKK-HKT,BKK,HKT,Thailand,Phuket,2026-10-11,2442,THB
2026-08-03,BKK-HKT,BKK,HKT,Thailand,Phuket,2026-10-12,2514,THB
2026-08-03,BKK-HKT,BKK,HKT,Thailand,Phuket,2026-10-13,2426,THB
2026-08-03,BKK-HKT,BKK,HKT,Thailand,Phuket,2026-10-14,2472,THB
2026-08-03,BKK-HKT,BKK,HKT,Thailand,Phuket,2026-10-15,2381,THB
2026-08-03,BKK-HKT,BKK,HKT,Thailand,Phuket,2026-10-16,2411,THB
2026-08-03,BKK-HKT,BKK,HKT,Thailand,Phuket,2026-10-17,2522,THB
2026-08-03,BKK-HKT,BKK,HKT,Thailand,Phuket,2026-10-18,2517,THB
2026-08-03,BKK-HKT,BKK,HKT,Thailand,Phuket,2026-10-19,2417,THB
2026-08-03,BKK-HKT,BKK,HKT,Thailand,Phuket,2026-10-20,2475,THB
2026-08-03,BKK-HKT,BKK,HKT,Thailand,Phuket,2026-10-21,2531,THB
2026-08-03,BKK-HKT,BKK,HKT,Thailand,Phuket,2026-10-22,2723,THB
2026-08-03,BKK-HKT,BKK,HKT,Thailand,Phuket,2026-10-23,2620,THB
2026-08-03,BKK-HKT,BKK,HKT,Thailand,Phuket,2026-10-24,2479,THB
2026-08-03,BKK-HKT,BKK,HKT,Thailand,Phuket,2026-10-25,2068,THB
2026-08-03,BKK-HKT,BKK,HKT,Thailand,Phuket,2026-10-26,2423,THB
2026-08-03,BKK-HKT,BKK,HKT,Thailand,Phuket,2026-10-27,2466,THB
2026-08-03,BKK-HKT,BKK,HKT,Thailand,Phuket,2026-10-28,2510,THB
2026-08-03,BKK-HKT,BKK,HKT,Thailand,Phuket,2026-10-29,2272,THB
2026-08-03,BKK-HKT,BKK,HKT,Thailand,Phuket,2026-10-30,2510,THB
2026-08-03,BKK-HKT,BKK,HKT,Thailand,Phuket,2026-10-31,2535,THB
2026-08-03,BKK-HKT,BKK,HKT,Thailand,Phuket,2026-11-01,2255,THB
2026-08-03,BKK-HKT,BKK,HKT,Thailand,Phuket,2026-11-02,2382,THB
2026-08-03,BKK-HKT,BKK,HKT,Thailand,Phuket,2026-11-03,2425,THB
2026-08-03,BKK-HKT,BKK,HKT,Thailand,Phuket,2026-11-04,2622,THB
2026-08-03,BKK-HKT,BKK,HKT,Thailand,Phuket,2026-11-05,2611,THB
2026-08-03,BKK-HKT,BKK,HKT,Thailand,Phuket,2026-11-06,2457,THB
2026-08-03,BKK-HKT,BKK,HKT,Thailand,Phuket,2026-11-07,2641,THB
2026-08-03,BKK-HKT,BKK,HKT,Thailand,Phuket,2026-11-08,2594,THB
2026-08-03,BKK-HKT,BKK,HKT,Thailand,Phuket,2026-11-09,2706,THB
2026-08-03,BKK-HKT,BKK,HKT,Thailand,Phuket,2026-11-10,2208,THB
2026-08-03,BKK-HKT,BKK,HKT,Thailand,Phuket,2026-11-11,2306,THB
2026-08-03,BKK-HKT,BKK,HKT,Thailand,Phuket,2026-11-12,2488,THB
2026-08-03,BKK-HKT,BKK,HKT,Thailand,Phuket,2026-11-13,2654,THB
2026-08-03,BKK-HKT,BKK,HKT,Thailand,Phuket,2026-11-14,2293,THB
2026-08-03,BKK-HKT,BKK,HKT,Thailand,Phuket,2026-11-15,2529,THB
2026-08-03,BKK-HKT,BKK,HKT,Thailand,Phuket,2026-11-16,2554,THB
2026-08-03,BKK-HKT,BKK,HKT,Thailand,Phuket,2026-11-17,2650,THB
2026-08-03,BKK-HKT,BKK,HKT,Thailand,Phuket,2026-11-18,2519,THB
2026-08-03,BKK-HKT,BKK,HKT,Thailand,Phuket,2026-11-19,2625,THB
2026-08-03,BKK-HKT,BKK,HKT,Thailand,Phuket,2026-11-20,2359,THB
2026-08-03,BKK-HKT,BKK,HKT,Thailand,Phuket,2026-11-21,2630,THB
2026-08-03,BKK-HKT,BKK,HKT,Thailand,Phuket,2026-11-22,2370,THB
2026-08-03,BKK-HKT,BKK,HKT,Thailand,Phuket,2026-11-23,2327,THB
2026-08-03,BKK-HKT,BKK,HKT,Thailand,Phuket,2026-11-24,2596,THB
2026-08-03,BKK-HKT,BKK,HKT,Thailand,Phuket,2026-11-25,2375,THB
2026-08-03,BKK-HKT,BKK,HKT,Thailand,Phuket,2026-11-26,2641,THB
2026-08-03,BKK-HKT,BKK,HKT,Thailand,Phuket,2026-11-27,2462,THB
2026-08-03,BKK-HKT,BKK,HKT,Thailand,Phuket,2026-11-28,1996,THB
2026-08-03,BKK-HKT,BKK,HKT,Thailand,Phuket,2026-11-29,2504,THB
2026-08-03,BKK-HKT,BKK,HKT,Thailand,Phuket,2026-11-30,2241,THB
2026-08-03,BKK-HKT,BKK,HKT,Thailand,Phuket,2026-12-01,2762,THB
2026-08-03,BKK-HKT,BKK,HKT,Thailand,Phuket,2026-12-02,2285,THB
2026-08-03,BKK-HKT,BKK,HKT,Thailand,Phuket,2026-12-03,2424,THB
2026-08-03,BKK-HKT,BKK,HKT,Thailand,Phuket,2026-12-04,2342,THB
2026-08-03,BKK-HKT,BKK,HKT,Thailand,Phuket,2026-12-05,2229,THB
2026-08-03,BKK-HKT,BKK,HKT,Thailand,Phuket,2026-12-06,2561,THB
2026-08-03,BKK-HKT,BKK,HKT,Thailand,Phuket,2026-12-07,2666,THB
2026-08-03,BKK-HKT,BKK,HKT,Thailand,Phuket,2026-12-08,2366,THB
2026-08-03,BKK-HKT,BKK,HKT,Thailand,Phuket,2026-12-09,3063,THB
2026-08-03,BKK-HKT,BKK,HKT,Thailand,Phuket,2026-12-10,2696,THB
2026-08-03,BKK-HKT,BKK,HKT,Thailand,Phuket,2026-12-11,2593,THB
2026-08-03,BKK-HKT,BKK,HKT,Thailand,Phuket,2026-12-12,2279,THB
2026-08-03,BKK-HKT,BKK,HKT,Thailand,Phuket,2026-12-13,3487,THB
2026-08-03,BKK-HKT,BKK,HKT,Thailand,Phuket,2026-12-14,2719,THB
2026-08-03,BKK-HKT,BKK,HKT,Thailand,Phuket,2026-12-15,2751,THB
2026-08-03,BKK-HKT,BKK,HKT,Thailand,Phuket,2026-12-16,2716,THB
2026-08-03,BKK-HKT,BKK,HKT,Thailand,Phuket,2026-12-17,3280,THB
2026-08-03,BKK-HKT,BKK,HKT,Thailand,Phuket,2026-12-18,2887,THB
2026-08-03,BKK-HKT,BKK,HKT,Thailand,Phuket,2026-12-19,2772,THB
2026-08-03,BKK-HKT,BKK,HKT,Thailand,Phuket,2026-12-20,2833,THB
2026-08-03,BKK-HKT,BKK,HKT,Thailand,Phuket,2026-12-21,2916,THB
2026-08-03,BKK-HKT,BKK,HKT,Thailand,Phuket,2026-12-22,2829,THB
2026-08-03,BKK-HKT,BKK,HKT,Thailand,Phuket,2026-12-23,2874,THB
2026-08-03,BKK-HKT,BKK,HKT,Thailand,Phuket,2026-12-24,2938,THB
2026-08-03,BKK-HKT,BKK,HKT,Thailand,Phuket,2026-12-25,2426,THB
2026-08-03,BKK-HKT,BKK,HKT,Thailand,Phuket,2026-12-26,2699,THB
2026-08-03,BKK-HKT,BKK,HKT,Thailand,Phuket,2026-12-27,3178,THB
2026-08-03,BKK-HKT,BKK,HKT,Thailand,Phuket,2026-12-28,2508,THB
2026-08-03,BKK-HKT,BKK,HKT,Thailand,Phuket,2026-12-29,2947,THB
2026-08-03,BKK-HKT,BKK,HKT,Thailand,Phuket,2026-12-30,2287,THB
2026-08-03,BKK-HKT,BKK,HKT,Thailand,Phuket,2026-12-31,2413,THB
2026-08-03,BKK-HKT,BKK,HKT,Thailand,Phuket,2027-01-01,2905,THB
2026-08-03,BKK-HKT,BKK,HKT,Thailand,Phuket,2027-01-02,2902,THB
2026-08-03,BKK-HKT,BKK,HKT,Thailand,Phuket,2027-01-03,2426,THB
2026-08-03,BKK-HKT,BKK,HKT,Thailand,Phuket,2027-01-04,2781,THB
2026-08-03,BKK-HKT,BKK,HKT,Thailand,Phuket,2027-01-05,2506,THB
2026-08-03,BKK-HKT,BKK,HKT,Thailand,Phuket,2027-01-06,2589,THB
2026-08-03,BKK-HKT,BKK,HKT,Thailand,Phuket,2027-01-07,2542,THB
2026-08-03,BKK-HKT,BKK,HKT,Thailand,Phuket,2027-01-08,2630,THB
2026-08-03,BKK-HKT,BKK,HKT,Thailand,Phuket,2027-01-09,2503,THB
2026-08-03,BKK-HKT,BKK,HKT,Thailand,Phuket,2027-01-10,2487,THB
2026-08-03,BKK-HKT,BKK,HKT,Thailand,Phuket,2027-01-11,2501,THB
2026-08-03,BKK-HKT,BKK,HKT,Thailand,Phuket,2027-01-12,2215,THB
2026-08-03,BKK-HKT,BKK,HKT,Thailand,Phuket,2027-01-13,2582,THB
2026-08-03,BKK-HKT,BKK,HKT,Thailand,Phuket,2027-01-14,1922,THB
2026-08-03,BKK-HKT,BKK,HKT,Thailand,Phuket,2027-01-15,2913,THB
2026-08-03,BKK-HKT,BKK,HKT,Thailand,Phuket,2027-01-16,2623,THB
2026-08-03,BKK-HKT,BKK,HKT,Thailand,Phuket,2027-01-17,2657,THB
2026-08-03,BKK-HKT,BKK,HKT,Thailand,Phuket,2027-01-18,2609,THB
2026-08-03,BKK-HKT,BKK,HKT,Thailand,Phuket,2027-01-19,1799,THB
2026-08-03,BKK-HKT,BKK,HKT,Thailand,Phuket,2027-01-20,2516,THB
2026-08-03,BKK-HKT,BKK,HKT,Thailand,Phuket,2027-01-21,2586,THB
2026-08-03,BKK-HKT,BKK,HKT,Thailand,Phuket,2027-01-22,2688,THB
2026-08-03,BKK-HKT,BKK,HKT,Thailand,Phuket,2027-01-23,2074,THB
2026-08-03,BKK-HKT,BKK,HKT,Thailand,Phuket,2027-01-24,2607,THB
2026-08-03,BKK-HKT,BKK,HKT,Thailand,Phuket,2027-01-25,2623,THB
2026-08-03,BKK-HKT,BKK,HKT,Thailand,Phuket,2027-01-26,2621,THB
2026-08-03,BKK-HKT,BKK,HKT,Thailand,Phuket,2027-01-27,2582,THB
2026-08-03,BKK-HKT,BKK,HKT,Thailand,Phuket,2027-01-28,2596,THB
2026-08-03,BKK-HKT,BKK,HKT,Thailand,Phuket,2027-01-30,2521,THB
2026-08-03,BKK-HKT,BKK,HKT,Thailand,Phuket,2027-02-01,1882,THB
2026-08-03,BKK-HKT,BKK,HKT,Thailand,Phuket,2027-02-02,2798,THB
2026-08-03,BKK-HKT,BKK,HKT,Thailand,Phuket,2027-02-03,2644,THB
2026-08-03,BKK-HKT,BKK,HKT,Thailand,Phuket,2027-02-04,2590,THB
2026-08-03,BKK-HKT,BKK,HKT,Thailand,Phuket,2027-02-05,2869,THB
2026-08-03,BKK-HKT,BKK,HKT,Thailand,Phuket,2027-02-06,2759,THB
2026-08-03,BKK-HKT,BKK,HKT,Thailand,Phuket,2027-02-07,2796,THB
2026-08-03,BKK-HKT,BKK,HKT,Thailand,Phuket,2027-02-09,2247,THB
2026-08-03,BKK-HKT,BKK,HKT,Thailand,Phuket,2027-02-10,2284,THB
2026-08-03,BKK-HKT,BKK,HKT,Thailand,Phuket,2027-02-11,2523,THB
2026-08-03,BKK-HKT,BKK,HKT,Thailand,Phuket,2027-02-12,2496,THB
2026-08-03,BKK-HKT,BKK,HKT,Thailand,Phuket,2027-02-13,2616,THB
2026-08-03,BKK-HKT,BKK,HKT,Thailand,Phuket,2027-02-15,2300,THB
2026-08-03,BKK-HKT,BKK,HKT,Thailand,Phuket,2027-02-16,2037,THB
2026-08-03,BKK-HKT,BKK,HKT,Thailand,Phuket,2027-02-18,2630,THB
2026-08-03,BKK-HKT,BKK,HKT,Thailand,Phuket,2027-02-19,3123,THB
2026-08-03,BKK-HKT,BKK,HKT,Thailand,Phuket,2027-02-21,2688,THB
2026-08-03,BKK-HKT,BKK,HKT,Thailand,Phuket,2027-02-22,2868,THB
2026-08-03,BKK-HKT,BKK,HKT,Thailand,Phuket,2027-02-23,2292,THB
2026-08-03,BKK-HKT,BKK,HKT,Thailand,Phuket,2027-02-24,2616,THB
2026-08-03,BKK-HKT,BKK,HKT,Thailand,Phuket,2027-02-26,2270,THB
2026-08-03,BKK-HKT,BKK,HKT,Thailand,Phuket,2027-03-01,2778,THB
2026-08-03,BKK-HKT,BKK,HKT,Thailand,Phuket,2027-03-02,2458,THB
2026-08-03,BKK-HKT,BKK,HKT,Thailand,Phuket,2027-03-03,2426,THB
2026-08-03,BKK-HKT,BKK,HKT,Thailand,Phuket,2027-03-04,2599,THB
2026-08-03,BKK-HKT,BKK,HKT,Thailand,Phuket,2027-03-05,2971,THB
2026-08-03,BKK-HKT,BKK,HKT,Thailand,Phuket,2027-03-06,2814,THB
2026-08-03,BKK-HKT,BKK,HKT,Thailand,Phuket,2027-03-08,2625,THB
2026-08-03,BKK-HKT,BKK,HKT,Thailand,Phuket,2027-03-13,2608,THB
2026-08-03,BKK-HKT,BKK,HKT,Thailand,Phuket,2027-03-17,2381,THB
2026-08-03,BKK-HKT,BKK,HKT,Thailand,Phuket,2027-03-25,3855,THB
2026-08-03,BKK-HKT,BKK,HKT,Thailand,Phuket,2027-04-05,2873,THB
2026-08-03,BKK-HKT,BKK,HKT,Thailand,Phuket,2027-06-04,1764,THB
2026-08-03,BKK-HKT,BKK,HKT,Thailand,Phuket,2027-06-05,1779,THB
2026-08-03,BKK-HKT,BKK,HKT,Thailand,Phuket,2027-06-06,1850,THB
2026-08-03,BKK-HKT,BKK,HKT,Thailand,Phuket,2027-06-08,1785,THB
2026-08-03,BKK-CNX,BKK,CNX,Thailand,Chiang Mai,2026-08-04,3023,THB
2026-08-03,BKK-CNX,BKK,CNX,Thailand,Chiang Mai,2026-08-05,2828,THB
2026-08-03,BKK-CNX,BKK,CNX,Thailand,Chiang Mai,2026-08-06,3047,THB
2026-08-03,BKK-CNX,BKK,CNX,Thailand,Chiang Mai,2026-08-07,3232,THB
2026-08-03,BKK-CNX,BKK,CNX,Thailand,Chiang Mai,2026-08-08,2606,THB
2026-08-03,BKK-CNX,BKK,CNX,Thailand,Chiang Mai,2026-08-09,2899,THB
2026-08-03,BKK-CNX,BKK,CNX,Thailand,Chiang Mai,2026-08-10,3178,THB
2026-08-03,BKK-CNX,BKK,CNX,Thailand,Chiang Mai,2026-08-11,2653,THB
2026-08-03,BKK-CNX,BKK,CNX,Thailand,Chiang Mai,2026-08-12,3074,THB
2026-08-03,BKK-CNX,BKK,CNX,Thailand,Chiang Mai,2026-08-13,2970,THB
2026-08-03,BKK-CNX,BKK,CNX,Thailand,Chiang Mai,2026-08-14,2812,THB
2026-08-03,BKK-CNX,BKK,CNX,Thailand,Chiang Mai,2026-08-15,3451,THB
2026-08-03,BKK-CNX,BKK,CNX,Thailand,Chiang Mai,2026-08-16,2954,THB
2026-08-03,BKK-CNX,BKK,CNX,Thailand,Chiang Mai,2026-08-18,2821,THB
2026-08-03,BKK-CNX,BKK,CNX,Thailand,Chiang Mai,2026-08-19,2611,THB
2026-08-03,BKK-CNX,BKK,CNX,Thailand,Chiang Mai,2026-08-20,2872,THB
2026-08-03,BKK-CNX,BKK,CNX,Thailand,Chiang Mai,2026-08-21,3026,THB
2026-08-03,BKK-CNX,BKK,CNX,Thailand,Chiang Mai,2026-08-22,2790,THB
2026-08-03,BKK-CNX,BKK,CNX,Thailand,Chiang Mai,2026-08-23,2751,THB
2026-08-03,BKK-CNX,BKK,CNX,Thailand,Chiang Mai,2026-08-24,2735,THB
2026-08-03,BKK-CNX,BKK,CNX,Thailand,Chiang Mai,2026-08-28,2742,THB
2026-08-03,BKK-CNX,BKK,CNX,Thailand,Chiang Mai,2026-08-31,2735,THB
2026-08-03,BKK-CNX,BKK,CNX,Thailand,Chiang Mai,2026-09-01,2749,THB
2026-08-03,BKK-CNX,BKK,CNX,Thailand,Chiang Mai,2026-09-02,2673,THB
2026-08-03,BKK-CNX,BKK,CNX,Thailand,Chiang Mai,2026-09-10,2794,THB
2026-08-03,BKK-CNX,BKK,CNX,Thailand,Chiang Mai,2026-09-11,2650,THB
2026-08-03,BKK-CNX,BKK,CNX,Thailand,Chiang Mai,2026-09-15,2558,THB
2026-08-03,BKK-CNX,BKK,CNX,Thailand,Chiang Mai,2026-09-16,2812,THB
2026-08-03,BKK-CNX,BKK,CNX,Thailand,Chiang Mai,2026-09-21,2687,THB
2026-08-03,BKK-CNX,BKK,CNX,Thailand,Chiang Mai,2026-09-22,2659,THB
2026-08-03,BKK-CNX,BKK,CNX,Thailand,Chiang Mai,2026-09-23,2684,THB
2026-08-03,BKK-CNX,BKK,CNX,Thailand,Chiang Mai,2026-09-24,2657,THB
2026-08-03,BKK-CNX,BKK,CNX,Thailand,Chiang Mai,2026-09-25,3006,THB
2026-08-03,BKK-CNX,BKK,CNX,Thailand,Chiang Mai,2026-09-26,3247,THB
2026-08-03,BKK-CNX,BKK,CNX,Thailand,Chiang Mai,2026-09-30,2778,THB
2026-08-03,BKK-CNX,BKK,CNX,Thailand,Chiang Mai,2026-10-01,3097,THB
2026-08-03,BKK-CNX,BKK,CNX,Thailand,Chiang Mai,2026-10-05,2937,THB
2026-08-03,BKK-CNX,BKK,CNX,Thailand,Chiang Mai,2026-10-06,2863,THB
2026-08-03,BKK-CNX,BKK,CNX,Thailand,Chiang Mai,2026-10-07,2539,THB
2026-08-03,BKK-CNX,BKK,CNX,Thailand,Chiang Mai,2026-10-08,2786,THB
2026-08-03,BKK-CNX,BKK,CNX,Thailand,Chiang Mai,2026-10-12,3236,THB
2026-08-03,BKK-CNX,BKK,CNX,Thailand,Chiang Mai,2026-10-13,2927,THB
2026-08-03,BKK-CNX,BKK,CNX,Thailand,Chiang Mai,2026-10-14,2763,THB
2026-08-03,BKK-CNX,BKK,CNX,Thailand,Chiang Mai,2026-10-20,3167,THB
2026-08-03,BKK-CNX,BKK,CNX,Thailand,Chiang Mai,2026-10-22,3335,THB
2026-08-03,BKK-CNX,BKK,CNX,Thailand,Chiang Mai,2026-10-23,3494,THB
2026-08-03,BKK-CNX,BKK,CNX,Thailand,Chiang Mai,2026-10-26,3419,THB
2026-08-03,BKK-CNX,BKK,CNX,Thailand,Chiang Mai,2026-10-28,2788,THB
2026-08-03,BKK-CNX,BKK,CNX,Thailand,Chiang Mai,2026-10-30,2784,THB
2026-08-03,BKK-CNX,BKK,CNX,Thailand,Chiang Mai,2026-10-31,2784,THB
2026-08-03,BKK-CNX,BKK,CNX,Thailand,Chiang Mai,2026-11-01,2784,THB
2026-08-03,BKK-CNX,BKK,CNX,Thailand,Chiang Mai,2026-11-04,2784,THB
2026-08-03,BKK-CNX,BKK,CNX,Thailand,Chiang Mai,2026-11-08,2889,THB
2026-08-03,BKK-CNX,BKK,CNX,Thailand,Chiang Mai,2026-11-12,3378,THB
2026-08-03,BKK-CNX,BKK,CNX,Thailand,Chiang Mai,2026-11-16,2901,THB
2026-08-03,BKK-CNX,BKK,CNX,Thailand,Chiang Mai,2026-11-18,4550,THB
2026-08-03,BKK-CNX,BKK,CNX,Thailand,Chiang Mai,2026-11-19,3605,THB
2026-08-03,BKK-CNX,BKK,CNX,Thailand,Chiang Mai,2026-11-20,3664,THB
2026-08-03,BKK-CNX,BKK,CNX,Thailand,Chiang Mai,2026-11-21,5630,THB
2026-08-03,BKK-CNX,BKK,CNX,Thailand,Chiang Mai,2026-11-22,8224,THB
2026-08-03,BKK-CNX,BKK,CNX,Thailand,Chiang Mai,2026-11-23,6239,THB
2026-08-03,BKK-CNX,BKK,CNX,Thailand,Chiang Mai,2026-11-24,5616,THB
2026-08-03,BKK-CNX,BKK,CNX,Thailand,Chiang Mai,2026-11-25,3915,THB
2026-08-03,BKK-CNX,BKK,CNX,Thailand,Chiang Mai,2026-11-26,3174,THB
2026-08-03,BKK-CNX,BKK,CNX,Thailand,Chiang Mai,2026-11-28,3278,THB
2026-08-03,BKK-CNX,BKK,CNX,Thailand,Chiang Mai,2026-11-29,4190,THB
2026-08-03,BKK-CNX,BKK,CNX,Thailand,Chiang Mai,2026-11-30,3249,THB
2026-08-03,BKK-CNX,BKK,CNX,Thailand,Chiang Mai,2026-12-01,2625,THB
2026-08-03,BKK-CNX,BKK,CNX,Thailand,Chiang Mai,2026-12-02,3010,THB
2026-08-03,BKK-CNX,BKK,CNX,Thailand,Chiang Mai,2026-12-03,2991,THB
2026-08-03,BKK-CNX,BKK,CNX,Thailand,Chiang Mai,2026-12-04,3914,THB
2026-08-03,BKK-CNX,BKK,CNX,Thailand,Chiang Mai,2026-12-05,3277,THB
2026-08-03,BKK-CNX,BKK,CNX,Thailand,Chiang Mai,2026-12-07,3389,THB
2026-08-03,BKK-CNX,BKK,CNX,Thailand,Chiang Mai,2026-12-08,3188,THB
2026-08-03,BKK-CNX,BKK,CNX,Thailand,Chiang Mai,2026-12-14,3149,THB
2026-08-03,BKK-CNX,BKK,CNX,Thailand,Chiang Mai,2026-12-18,4202,THB
2026-08-03,BKK-CNX,BKK,CNX,Thailand,Chiang Mai,2026-12-21,3058,THB
2026-08-03,BKK-CNX,BKK,CNX,Thailand,Chiang Mai,2026-12-22,3389,THB
2026-08-03,BKK-CNX,BKK,CNX,Thailand,Chiang Mai,2026-12-23,3739,THB
2026-08-03,BKK-CNX,BKK,CNX,Thailand,Chiang Mai,2026-12-24,3299,THB
2026-08-03,BKK-CNX,BKK,CNX,Thailand,Chiang Mai,2026-12-25,4945,THB
2026-08-03,BKK-CNX,BKK,CNX,Thailand,Chiang Mai,2026-12-26,4887,THB
2026-08-03,BKK-CNX,BKK,CNX,Thailand,Chiang Mai,2026-12-27,4427,THB
2026-08-03,BKK-CNX,BKK,CNX,Thailand,Chiang Mai,2026-12-29,4890,THB
2026-08-03,BKK-CNX,BKK,CNX,Thailand,Chiang Mai,2026-12-30,4467,THB
2026-08-03,BKK-CNX,BKK,CNX,Thailand,Chiang Mai,2027-01-01,3145,THB
2026-08-03,BKK-CNX,BKK,CNX,Thailand,Chiang Mai,2027-01-02,3064,THB
2026-08-03,BKK-CNX,BKK,CNX,Thailand,Chiang Mai,2027-01-06,3212,THB
2026-08-03,BKK-CNX,BKK,CNX,Thailand,Chiang Mai,2027-01-08,3654,THB
2026-08-03,BKK-CNX,BKK,CNX,Thailand,Chiang Mai,2027-01-21,2993,THB
2026-08-03,BKK-CNX,BKK,CNX,Thailand,Chiang Mai,2027-01-25,2997,THB
2026-08-03,BKK-CNX,BKK,CNX,Thailand,Chiang Mai,2027-02-01,3146,THB
2026-08-03,BKK-CNX,BKK,CNX,Thailand,Chiang Mai,2027-02-04,3138,THB
2026-08-03,BKK-CNX,BKK,CNX,Thailand,Chiang Mai,2027-02-07,3308,THB
2026-08-03,BKK-CNX,BKK,CNX,Thailand,Chiang Mai,2027-02-10,3250,THB
2026-08-03,BKK-CNX,BKK,CNX,Thailand,Chiang Mai,2027-02-19,3326,THB
2026-08-03,BKK-CNX,BKK,CNX,Thailand,Chiang Mai,2027-04-16,4681,THB
2026-08-03,BKK-KBV,BKK,KBV,Thailand,Krabi,2026-08-04,2565,THB
2026-08-03,BKK-KBV,BKK,KBV,Thailand,Krabi,2026-08-05,2449,THB
2026-08-03,BKK-KBV,BKK,KBV,Thailand,Krabi,2026-08-06,2378,THB
2026-08-03,BKK-KBV,BKK,KBV,Thailand,Krabi,2026-08-07,2274,THB
2026-08-03,BKK-KBV,BKK,KBV,Thailand,Krabi,2026-08-08,2695,THB
2026-08-03,BKK-KBV,BKK,KBV,Thailand,Krabi,2026-08-09,2573,THB
2026-08-03,BKK-KBV,BKK,KBV,Thailand,Krabi,2026-08-10,2727,THB
2026-08-03,BKK-KBV,BKK,KBV,Thailand,Krabi,2026-08-13,2474,THB
2026-08-03,BKK-KBV,BKK,KBV,Thailand,Krabi,2026-08-14,2275,THB
2026-08-03,BKK-KBV,BKK,KBV,Thailand,Krabi,2026-08-15,2368,THB
2026-08-03,BKK-KBV,BKK,KBV,Thailand,Krabi,2026-08-17,2590,THB
2026-08-03,BKK-KBV,BKK,KBV,Thailand,Krabi,2026-08-18,2388,THB
2026-08-03,BKK-KBV,BKK,KBV,Thailand,Krabi,2026-08-19,2225,THB
2026-08-03,BKK-KBV,BKK,KBV,Thailand,Krabi,2026-08-20,1874,THB
2026-08-03,BKK-KBV,BKK,KBV,Thailand,Krabi,2026-08-21,2590,THB
2026-08-03,BKK-KBV,BKK,KBV,Thailand,Krabi,2026-08-22,2388,THB
2026-08-03,BKK-KBV,BKK,KBV,Thailand,Krabi,2026-08-23,2255,THB
2026-08-03,BKK-KBV,BKK,KBV,Thailand,Krabi,2026-08-24,2486,THB
2026-08-03,BKK-KBV,BKK,KBV,Thailand,Krabi,2026-08-25,2286,THB
2026-08-03,BKK-KBV,BKK,KBV,Thailand,Krabi,2026-08-26,2376,THB
2026-08-03,BKK-KBV,BKK,KBV,Thailand,Krabi,2026-08-27,2337,THB
2026-08-03,BKK-KBV,BKK,KBV,Thailand,Krabi,2026-08-28,2188,THB
2026-08-03,BKK-KBV,BKK,KBV,Thailand,Krabi,2026-08-31,2248,THB
2026-08-03,BKK-KBV,BKK,KBV,Thailand,Krabi,2026-09-01,2170,THB
2026-08-03,BKK-KBV,BKK,KBV,Thailand,Krabi,2026-09-02,2298,THB
2026-08-03,BKK-KBV,BKK,KBV,Thailand,Krabi,2026-09-03,2289,THB
2026-08-03,BKK-KBV,BKK,KBV,Thailand,Krabi,2026-09-05,2319,THB
2026-08-03,BKK-KBV,BKK,KBV,Thailand,Krabi,2026-09-06,2256,THB
2026-08-03,BKK-KBV,BKK,KBV,Thailand,Krabi,2026-09-09,2234,THB
2026-08-03,BKK-KBV,BKK,KBV,Thailand,Krabi,2026-09-10,2269,THB
2026-08-03,BKK-KBV,BKK,KBV,Thailand,Krabi,2026-09-15,2149,THB
2026-08-03,BKK-KBV,BKK,KBV,Thailand,Krabi,2026-09-16,2197,THB
2026-08-03,BKK-KBV,BKK,KBV,Thailand,Krabi,2026-09-17,2142,THB
2026-08-03,BKK-KBV,BKK,KBV,Thailand,Krabi,2026-09-21,2269,THB
2026-08-03,BKK-KBV,BKK,KBV,Thailand,Krabi,2026-10-02,2377,THB
2026-08-03,BKK-KBV,BKK,KBV,Thailand,Krabi,2026-10-05,2179,THB
2026-08-03,BKK-KBV,BKK,KBV,Thailand,Krabi,2026-10-07,2275,THB
2026-08-03,BKK-KBV,BKK,KBV,Thailand,Krabi,2026-10-09,2463,THB
2026-08-03,BKK-KBV,BKK,KBV,Thailand,Krabi,2026-10-10,2257,THB
2026-08-03,BKK-KBV,BKK,KBV,Thailand,Krabi,2026-10-11,2480,THB
2026-08-03,BKK-KBV,BKK,KBV,Thailand,Krabi,2026-10-12,2304,THB
2026-08-03,BKK-KBV,BKK,KBV,Thailand,Krabi,2026-10-14,2339,THB
2026-08-03,BKK-KBV,BKK,KBV,Thailand,Krabi,2026-10-15,2178,THB
2026-08-03,BKK-KBV,BKK,KBV,Thailand,Krabi,2026-10-16,2434,THB
2026-08-03,BKK-KBV,BKK,KBV,Thailand,Krabi,2026-10-18,2503,THB
2026-08-03,BKK-KBV,BKK,KBV,Thailand,Krabi,2026-10-19,2381,THB
2026-08-03,BKK-KBV,BKK,KBV,Thailand,Krabi,2026-10-20,2334,THB
2026-08-03,BKK-KBV,BKK,KBV,Thailand,Krabi,2026-10-21,2299,THB
2026-08-03,BKK-KBV,BKK,KBV,Thailand,Krabi,2026-10-22,2546,THB
2026-08-03,BKK-KBV,BKK,KBV,Thailand,Krabi,2026-10-23,2744,THB
2026-08-03,BKK-KBV,BKK,KBV,Thailand,Krabi,2026-10-24,2668,THB
2026-08-03,BKK-KBV,BKK,KBV,Thailand,Krabi,2026-10-26,2677,THB
2026-08-03,BKK-KBV,BKK,KBV,Thailand,Krabi,2026-10-27,2656,THB
2026-08-03,BKK-KBV,BKK,KBV,Thailand,Krabi,2026-10-28,2620,THB
2026-08-03,BKK-KBV,BKK,KBV,Thailand,Krabi,2026-10-29,2548,THB
2026-08-03,BKK-KBV,BKK,KBV,Thailand,Krabi,2026-10-30,2620,THB
2026-08-03,BKK-KBV,BKK,KBV,Thailand,Krabi,2026-10-31,2575,THB
2026-08-03,BKK-KBV,BKK,KBV,Thailand,Krabi,2026-11-01,2767,THB
2026-08-03,BKK-KBV,BKK,KBV,Thailand,Krabi,2026-11-02,2711,THB
2026-08-03,BKK-KBV,BKK,KBV,Thailand,Krabi,2026-11-03,2781,THB
2026-08-03,BKK-KBV,BKK,KBV,Thailand,Krabi,2026-11-04,2767,THB
2026-08-03,BKK-KBV,BKK,KBV,Thailand,Krabi,2026-11-05,2786,THB
2026-08-03,BKK-KBV,BKK,KBV,Thailand,Krabi,2026-11-06,2831,THB
2026-08-03,BKK-KBV,BKK,KBV,Thailand,Krabi,2026-11-07,2729,THB
2026-08-03,BKK-KBV,BKK,KBV,Thailand,Krabi,2026-11-08,2789,THB
2026-08-03,BKK-KBV,BKK,KBV,Thailand,Krabi,2026-11-09,2755,THB
2026-08-03,BKK-KBV,BKK,KBV,Thailand,Krabi,2026-11-10,2740,THB
2026-08-03,BKK-KBV,BKK,KBV,Thailand,Krabi,2026-11-12,2783,THB
2026-08-03,BKK-KBV,BKK,KBV,Thailand,Krabi,2026-11-13,2884,THB
2026-08-03,BKK-KBV,BKK,KBV,Thailand,Krabi,2026-11-14,2708,THB
2026-08-03,BKK-KBV,BKK,KBV,Thailand,Krabi,2026-11-15,2892,THB
2026-08-03,BKK-KBV,BKK,KBV,Thailand,Krabi,2026-11-16,2845,THB
2026-08-03,BKK-KBV,BKK,KBV,Thailand,Krabi,2026-11-17,2990,THB
2026-08-03,BKK-KBV,BKK,KBV,Thailand,Krabi,2026-11-18,2956,THB
2026-08-03,BKK-KBV,BKK,KBV,Thailand,Krabi,2026-11-19,2926,THB
2026-08-03,BKK-KBV,BKK,KBV,Thailand,Krabi,2026-11-20,2772,THB
2026-08-03,BKK-KBV,BKK,KBV,Thailand,Krabi,2026-11-21,3046,THB
2026-08-03,BKK-KBV,BKK,KBV,Thailand,Krabi,2026-11-22,3037,THB
2026-08-03,BKK-KBV,BKK,KBV,Thailand,Krabi,2026-11-25,2763,THB
2026-08-03,BKK-KBV,BKK,KBV,Thailand,Krabi,2026-11-26,3028,THB
2026-08-03,BKK-KBV,BKK,KBV,Thailand,Krabi,2026-11-27,2979,THB
2026-08-03,BKK-KBV,BKK,KBV,Thailand,Krabi,2026-11-28,2630,THB
2026-08-03,BKK-KBV,BKK,KBV,Thailand,Krabi,2026-11-29,2929,THB
2026-08-03,BKK-KBV,BKK,KBV,Thailand,Krabi,2026-11-30,2698,THB
2026-08-03,BKK-KBV,BKK,KBV,Thailand,Krabi,2026-12-01,2778,THB
2026-08-03,BKK-KBV,BKK,KBV,Thailand,Krabi,2026-12-02,2586,THB
2026-08-03,BKK-KBV,BKK,KBV,Thailand,Krabi,2026-12-04,2896,THB
2026-08-03,BKK-KBV,BKK,KBV,Thailand,Krabi,2026-12-06,3011,THB
2026-08-03,BKK-KBV,BKK,KBV,Thailand,Krabi,2026-12-08,2985,THB
2026-08-03,BKK-KBV,BKK,KBV,Thailand,Krabi,2026-12-09,2906,THB
2026-08-03,BKK-KBV,BKK,KBV,Thailand,Krabi,2026-12-10,2867,THB
2026-08-03,BKK-KBV,BKK,KBV,Thailand,Krabi,2026-12-12,2928,THB
2026-08-03,BKK-KBV,BKK,KBV,Thailand,Krabi,2026-12-13,3047,THB
2026-08-03,BKK-KBV,BKK,KBV,Thailand,Krabi,2026-12-14,3801,THB
2026-08-03,BKK-KBV,BKK,KBV,Thailand,Krabi,2026-12-15,2552,THB
2026-08-03,BKK-KBV,BKK,KBV,Thailand,Krabi,2026-12-16,2841,THB
2026-08-03,BKK-KBV,BKK,KBV,Thailand,Krabi,2026-12-17,2920,THB
2026-08-03,BKK-KBV,BKK,KBV,Thailand,Krabi,2026-12-18,2765,THB
2026-08-03,BKK-KBV,BKK,KBV,Thailand,Krabi,2026-12-19,3175,THB
2026-08-03,BKK-KBV,BKK,KBV,Thailand,Krabi,2026-12-20,2742,THB
2026-08-03,BKK-KBV,BKK,KBV,Thailand,Krabi,2026-12-21,2770,THB
2026-08-03,BKK-KBV,BKK,KBV,Thailand,Krabi,2026-12-22,3244,THB
2026-08-03,BKK-KBV,BKK,KBV,Thailand,Krabi,2026-12-23,2911,THB
2026-08-03,BKK-KBV,BKK,KBV,Thailand,Krabi,2026-12-24,3297,THB
2026-08-03,BKK-KBV,BKK,KBV,Thailand,Krabi,2026-12-25,4172,THB
2026-08-03,BKK-KBV,BKK,KBV,Thailand,Krabi,2026-12-26,3428,THB
2026-08-03,BKK-KBV,BKK,KBV,Thailand,Krabi,2026-12-27,2896,THB
2026-08-03,BKK-KBV,BKK,KBV,Thailand,Krabi,2026-12-28,4443,THB
2026-08-03,BKK-KBV,BKK,KBV,Thailand,Krabi,2026-12-29,3934,THB
2026-08-03,BKK-KBV,BKK,KBV,Thailand,Krabi,2026-12-30,2865,THB
2026-08-03,BKK-KBV,BKK,KBV,Thailand,Krabi,2026-12-31,4012,THB
2026-08-03,BKK-KBV,BKK,KBV,Thailand,Krabi,2027-01-01,3336,THB
2026-08-03,BKK-KBV,BKK,KBV,Thailand,Krabi,2027-01-03,3512,THB
2026-08-03,BKK-KBV,BKK,KBV,Thailand,Krabi,2027-01-04,3184,THB
2026-08-03,BKK-KBV,BKK,KBV,Thailand,Krabi,2027-01-05,2827,THB
2026-08-03,BKK-KBV,BKK,KBV,Thailand,Krabi,2027-01-06,2752,THB
2026-08-03,BKK-KBV,BKK,KBV,Thailand,Krabi,2027-01-07,2750,THB
2026-08-03,BKK-KBV,BKK,KBV,Thailand,Krabi,2027-01-08,2750,THB
2026-08-03,BKK-KBV,BKK,KBV,Thailand,Krabi,2027-01-09,2789,THB
2026-08-03,BKK-KBV,BKK,KBV,Thailand,Krabi,2027-01-10,2799,THB
2026-08-03,BKK-KBV,BKK,KBV,Thailand,Krabi,2027-01-13,2763,THB
2026-08-03,BKK-KBV,BKK,KBV,Thailand,Krabi,2027-01-14,2976,THB
2026-08-03,BKK-KBV,BKK,KBV,Thailand,Krabi,2027-01-16,2778,THB
2026-08-03,BKK-KBV,BKK,KBV,Thailand,Krabi,2027-01-17,2778,THB
2026-08-03,BKK-KBV,BKK,KBV,Thailand,Krabi,2027-01-18,2778,THB
2026-08-03,BKK-KBV,BKK,KBV,Thailand,Krabi,2027-01-19,2825,THB
2026-08-03,BKK-KBV,BKK,KBV,Thailand,Krabi,2027-01-22,2482,THB
2026-08-03,BKK-KBV,BKK,KBV,Thailand,Krabi,2027-01-24,2768,THB
2026-08-03,BKK-KBV,BKK,KBV,Thailand,Krabi,2027-01-30,2764,THB
2026-08-03,BKK-KBV,BKK,KBV,Thailand,Krabi,2027-01-31,2935,THB
2026-08-03,BKK-KBV,BKK,KBV,Thailand,Krabi,2027-02-03,2814,THB
2026-08-03,BKK-KBV,BKK,KBV,Thailand,Krabi,2027-02-05,2960,THB
2026-08-03,BKK-KBV,BKK,KBV,Thailand,Krabi,2027-02-07,2948,THB
2026-08-03,BKK-KBV,BKK,KBV,Thailand,Krabi,2027-02-12,2664,THB
2026-08-03,BKK-KBV,BKK,KBV,Thailand,Krabi,2027-02-14,2758,THB
2026-08-03,BKK-KBV,BKK,KBV,Thailand,Krabi,2027-02-19,3232,THB
2026-08-03,BKK-KBV,BKK,KBV,Thailand,Krabi,2027-02-20,3224,THB
2026-08-03,BKK-KBV,BKK,KBV,Thailand,Krabi,2027-02-21,2898,THB
2026-08-03,BKK-KBV,BKK,KBV,Thailand,Krabi,2027-02-23,2928,THB
2026-08-03,BKK-KBV,BKK,KBV,Thailand,Krabi,2027-03-11,1925,THB
2026-08-03,BKK-CEI,BKK,CEI,Thailand,Chiang Rai,2026-08-04,2397,THB
2026-08-03,BKK-CEI,BKK,CEI,Thailand,Chiang Rai,2026-08-05,2432,THB
2026-08-03,BKK-CEI,BKK,CEI,Thailand,Chiang Rai,2026-08-06,2249,THB
2026-08-03,BKK-CEI,BKK,CEI,Thailand,Chiang Rai,2026-08-07,2619,THB
2026-08-03,BKK-CEI,BKK,CEI,Thailand,Chiang Rai,2026-08-09,2584,THB
2026-08-03,BKK-CEI,BKK,CEI,Thailand,Chiang Rai,2026-08-10,2540,THB
2026-08-03,BKK-CEI,BKK,CEI,Thailand,Chiang Rai,2026-08-11,2388,THB
2026-08-03,BKK-CEI,BKK,CEI,Thailand,Chiang Rai,2026-08-14,2427,THB
2026-08-03,BKK-CEI,BKK,CEI,Thailand,Chiang Rai,2026-08-15,2242,THB
2026-08-03,BKK-CEI,BKK,CEI,Thailand,Chiang Rai,2026-08-18,2321,THB
2026-08-03,BKK-CEI,BKK,CEI,Thailand,Chiang Rai,2026-08-21,2552,THB
2026-08-03,BKK-CEI,BKK,CEI,Thailand,Chiang Rai,2026-08-26,2219,THB
2026-08-03,BKK-CEI,BKK,CEI,Thailand,Chiang Rai,2026-09-03,2639,THB
2026-08-03,BKK-CEI,BKK,CEI,Thailand,Chiang Rai,2026-09-04,2723,THB
2026-08-03,BKK-CEI,BKK,CEI,Thailand,Chiang Rai,2026-09-11,2690,THB
2026-08-03,BKK-CEI,BKK,CEI,Thailand,Chiang Rai,2026-09-20,2515,THB
2026-08-03,BKK-CEI,BKK,CEI,Thailand,Chiang Rai,2026-09-28,2733,THB
2026-08-03,BKK-CEI,BKK,CEI,Thailand,Chiang Rai,2026-10-06,2760,THB
2026-08-03,BKK-CEI,BKK,CEI,Thailand,Chiang Rai,2026-10-07,2760,THB
2026-08-03,BKK-CEI,BKK,CEI,Thailand,Chiang Rai,2026-10-08,2760,THB
2026-08-03,BKK-CEI,BKK,CEI,Thailand,Chiang Rai,2026-10-13,2665,THB
2026-08-03,BKK-CEI,BKK,CEI,Thailand,Chiang Rai,2026-10-29,2717,THB
2026-08-03,BKK-CEI,BKK,CEI,Thailand,Chiang Rai,2026-11-16,2582,THB
2026-08-03,BKK-CEI,BKK,CEI,Thailand,Chiang Rai,2026-11-21,3610,THB
2026-08-03,BKK-CEI,BKK,CEI,Thailand,Chiang Rai,2026-12-02,2486,THB
2026-08-03,BKK-CEI,BKK,CEI,Thailand,Chiang Rai,2026-12-04,3701,THB
2026-08-03,BKK-CEI,BKK,CEI,Thailand,Chiang Rai,2026-12-06,3599,THB
2026-08-03,BKK-CEI,BKK,CEI,Thailand,Chiang Rai,2026-12-10,3051,THB
2026-08-03,BKK-CEI,BKK,CEI,Thailand,Chiang Rai,2026-12-18,3936,THB
2026-08-03,BKK-CEI,BKK,CEI,Thailand,Chiang Rai,2026-12-26,4720,THB
2026-08-03,BKK-CEI,BKK,CEI,Thailand,Chiang Rai,2026-12-30,3788,THB
2026-08-03,BKK-CEI,BKK,CEI,Thailand,Chiang Rai,2027-01-05,2770,THB
2026-08-03,BKK-CEI,BKK,CEI,Thailand,Chiang Rai,2027-01-06,2770,THB
2026-08-03,BKK-CEI,BKK,CEI,Thailand,Chiang Rai,2027-01-18,2750,THB
2026-08-03,BKK-CEI,BKK,CEI,Thailand,Chiang Rai,2027-01-23,2764,THB
2026-08-03,BKK-PVG,BKK,PVG,China,Shanghai,2026-08-03,30806,THB
2026-08-03,BKK-PVG,BKK,PVG,China,Shanghai,2026-08-04,7110,THB
2026-08-03,BKK-PVG,BKK,PVG,China,Shanghai,2026-08-05,7110,THB
2026-08-03,BKK-PVG,BKK,PVG,China,Shanghai,2026-08-06,6828,THB
2026-08-03,BKK-PVG,BKK,PVG,China,Shanghai,2026-08-07,7200,THB
2026-08-03,BKK-PVG,BKK,PVG,China,Shanghai,2026-08-11,7005,THB
2026-08-03,BKK-PVG,BKK,PVG,China,Shanghai,2026-08-13,7082,THB
2026-08-03,BKK-PVG,BKK,PVG,China,Shanghai,2026-08-14,6855,THB
2026-08-03,BKK-PVG,BKK,PVG,China,Shanghai,2026-08-15,7372,THB
2026-08-03,BKK-PVG,BKK,PVG,China,Shanghai,2026-08-16,7285,THB
2026-08-03,BKK-PVG,BKK,PVG,China,Shanghai,2026-08-17,6829,THB
2026-08-03,BKK-PVG,BKK,PVG,China,Shanghai,2026-08-18,6881,THB
2026-08-03,BKK-PVG,BKK,PVG,China,Shanghai,2026-08-19,6823,THB
2026-08-03,BKK-PVG,BKK,PVG,China,Shanghai,2026-08-20,6581,THB
2026-08-03,BKK-PVG,BKK,PVG,China,Shanghai,2026-08-21,6754,THB
2026-08-03,BKK-PVG,BKK,PVG,China,Shanghai,2026-08-22,6651,THB
2026-08-03,BKK-PVG,BKK,PVG,China,Shanghai,2026-08-24,6776,THB
2026-08-03,BKK-PVG,BKK,PVG,China,Shanghai,2026-08-26,7297,THB
2026-08-03,BKK-PVG,BKK,PVG,China,Shanghai,2026-08-27,6836,THB
2026-08-03,BKK-PVG,BKK,PVG,China,Shanghai,2026-08-28,6661,THB
2026-08-03,BKK-PVG,BKK,PVG,China,Shanghai,2026-08-29,6771,THB
2026-08-03,BKK-PVG,BKK,PVG,China,Shanghai,2026-09-05,6488,THB
2026-08-03,BKK-PVG,BKK,PVG,China,Shanghai,2026-09-06,6726,THB
2026-08-03,BKK-PVG,BKK,PVG,China,Shanghai,2026-09-07,6518,THB
2026-08-03,BKK-PVG,BKK,PVG,China,Shanghai,2026-09-08,6065,THB
2026-08-03,BKK-PVG,BKK,PVG,China,Shanghai,2026-09-09,7087,THB
2026-08-03,BKK-PVG,BKK,PVG,China,Shanghai,2026-09-10,6620,THB
2026-08-03,BKK-PVG,BKK,PVG,China,Shanghai,2026-09-12,6202,THB
2026-08-03,BKK-PVG,BKK,PVG,China,Shanghai,2026-09-14,6490,THB
2026-08-03,BKK-PVG,BKK,PVG,China,Shanghai,2026-09-18,9091,THB
2026-08-03,BKK-PVG,BKK,PVG,China,Shanghai,2026-09-19,6727,THB
2026-08-03,BKK-PVG,BKK,PVG,China,Shanghai,2026-09-22,9234,THB
2026-08-03,BKK-PVG,BKK,PVG,China,Shanghai,2026-09-23,8693,THB
2026-08-03,BKK-PVG,BKK,PVG,China,Shanghai,2026-09-27,8652,THB
2026-08-03,BKK-PVG,BKK,PVG,China,Shanghai,2026-09-30,6400,THB
2026-08-03,BKK-PVG,BKK,PVG,China,Shanghai,2026-10-01,6585,THB
2026-08-03,BKK-PVG,BKK,PVG,China,Shanghai,2026-10-02,6484,THB
2026-08-03,BKK-PVG,BKK,PVG,China,Shanghai,2026-10-03,7120,THB
2026-08-03,BKK-PVG,BKK,PVG,China,Shanghai,2026-10-11,10430,THB
2026-08-03,BKK-PVG,BKK,PVG,China,Shanghai,2026-10-12,9870,THB
2026-08-03,BKK-PVG,BKK,PVG,China,Shanghai,2026-10-13,8691,THB
2026-08-03,BKK-PVG,BKK,PVG,China,Shanghai,2026-10-14,8789,THB
2026-08-03,BKK-PVG,BKK,PVG,China,Shanghai,2026-10-15,7877,THB
2026-08-03,BKK-PVG,BKK,PVG,China,Shanghai,2026-10-22,8043,THB
2026-08-03,BKK-PVG,BKK,PVG,China,Shanghai,2026-10-30,7561,THB
2026-08-03,BKK-PVG,BKK,PVG,China,Shanghai,2026-10-31,7561,THB
2026-08-03,BKK-PVG,BKK,PVG,China,Shanghai,2026-11-02,7572,THB
2026-08-03,BKK-PVG,BKK,PVG,China,Shanghai,2026-11-03,7264,THB
2026-08-03,BKK-PVG,BKK,PVG,China,Shanghai,2026-11-05,7374,THB
2026-08-03,BKK-PVG,BKK,PVG,China,Shanghai,2026-11-06,8070,THB
2026-08-03,BKK-PVG,BKK,PVG,China,Shanghai,2026-11-08,7996,THB
2026-08-03,BKK-PVG,BKK,PVG,China,Shanghai,2026-11-09,8276,THB
2026-08-03,BKK-PVG,BKK,PVG,China,Shanghai,2026-11-12,7308,THB
2026-08-03,BKK-PVG,BKK,PVG,China,Shanghai,2026-11-14,9325,THB
2026-08-03,BKK-PVG,BKK,PVG,China,Shanghai,2026-11-17,7822,THB
2026-08-03,BKK-PVG,BKK,PVG,China,Shanghai,2026-11-18,7822,THB
2026-08-03,BKK-PVG,BKK,PVG,China,Shanghai,2026-11-30,7988,THB
2026-08-03,BKK-PVG,BKK,PVG,China,Shanghai,2026-12-01,8113,THB
2026-08-03,BKK-PVG,BKK,PVG,China,Shanghai,2026-12-05,8743,THB
2026-08-03,BKK-PVG,BKK,PVG,China,Shanghai,2026-12-09,7885,THB
2026-08-03,BKK-PVG,BKK,PVG,China,Shanghai,2026-12-12,7688,THB
2026-08-03,BKK-PVG,BKK,PVG,China,Shanghai,2026-12-16,7602,THB
2026-08-03,BKK-PVG,BKK,PVG,China,Shanghai,2026-12-23,10913,THB
2026-08-03,BKK-PVG,BKK,PVG,China,Shanghai,2026-12-24,8926,THB
2026-08-03,BKK-PVG,BKK,PVG,China,Shanghai,2026-12-25,9603,THB
2026-08-03,BKK-PVG,BKK,PVG,China,Shanghai,2026-12-26,9659,THB
2026-08-03,BKK-PVG,BKK,PVG,China,Shanghai,2026-12-28,9603,THB
2026-08-03,BKK-PVG,BKK,PVG,China,Shanghai,2027-01-03,8979,THB
2026-08-03,BKK-PVG,BKK,PVG,China,Shanghai,2027-01-14,10409,THB
2026-08-03,BKK-PVG,BKK,PVG,China,Shanghai,2027-01-30,11677,THB
2026-08-03,BKK-PVG,BKK,PVG,China,Shanghai,2027-02-15,12125,THB
2026-08-03,BKK-PVG,BKK,PVG,China,Shanghai,2027-02-17,10587,THB
2026-08-03,BKK-PVG,BKK,PVG,China,Shanghai,2027-02-18,10176,THB
2026-08-03,BKK-PVG,BKK,PVG,China,Shanghai,2027-02-19,10177,THB
2026-08-03,BKK-PVG,BKK,PVG,China,Shanghai,2027-02-20,10177,THB
2026-08-03,BKK-PVG,BKK,PVG,China,Shanghai,2027-02-21,9934,THB
2026-08-03,BKK-PVG,BKK,PVG,China,Shanghai,2027-03-06,9579,THB
2026-08-03,BKK-PVG,BKK,PVG,China,Shanghai,2027-03-11,10012,THB
2026-08-03,BKK-PVG,BKK,PVG,China,Shanghai,2027-03-29,9318,THB
2026-08-03,BKK-PVG,BKK,PVG,China,Shanghai,2027-04-08,13761,THB
2026-08-03,BKK-PVG,BKK,PVG,China,Shanghai,2027-04-09,11908,THB
2026-08-03,BKK-PVG,BKK,PVG,China,Shanghai,2027-06-06,8471,THB
2026-08-03,BKK-PVG,BKK,PVG,China,Shanghai,2027-07-05,9448,THB
2026-08-03,BKK-PVG,BKK,PVG,China,Shanghai,2027-07-06,9028,THB
2026-08-03,BKK-PVG,BKK,PVG,China,Shanghai,2027-07-20,9985,THB
2026-08-03,BKK-PVG,BKK,PVG,China,Shanghai,2027-07-21,10963,THB
2026-08-03,BKK-PEK,BKK,PEK,China,Beijing,2026-08-04,7587,THB
2026-08-03,BKK-PEK,BKK,PEK,China,Beijing,2026-08-06,9772,THB
2026-08-03,BKK-PEK,BKK,PEK,China,Beijing,2026-08-09,8337,THB
2026-08-03,BKK-PEK,BKK,PEK,China,Beijing,2026-08-10,9256,THB
2026-08-03,BKK-PEK,BKK,PEK,China,Beijing,2026-08-11,9514,THB
2026-08-03,BKK-PEK,BKK,PEK,China,Beijing,2026-08-12,7889,THB
2026-08-03,BKK-PEK,BKK,PEK,China,Beijing,2026-08-13,7592,THB
2026-08-03,BKK-PEK,BKK,PEK,China,Beijing,2026-08-14,7989,THB
2026-08-03,BKK-PEK,BKK,PEK,China,Beijing,2026-08-18,7842,THB
2026-08-03,BKK-PEK,BKK,PEK,China,Beijing,2026-08-19,7747,THB
2026-08-03,BKK-PEK,BKK,PEK,China,Beijing,2026-08-27,8004,THB
2026-08-03,BKK-PEK,BKK,PEK,China,Beijing,2026-08-29,7747,THB
2026-08-03,BKK-PEK,BKK,PEK,China,Beijing,2026-09-01,10236,THB
2026-08-03,BKK-PEK,BKK,PEK,China,Beijing,2026-09-04,8617,THB
2026-08-03,BKK-PEK,BKK,PEK,China,Beijing,2026-09-05,7825,THB
2026-08-03,BKK-PEK,BKK,PEK,China,Beijing,2026-09-06,7837,THB
2026-08-03,BKK-PEK,BKK,PEK,China,Beijing,2026-09-07,10441,THB
2026-08-03,BKK-PEK,BKK,PEK,China,Beijing,2026-09-08,10564,THB
2026-08-03,BKK-PEK,BKK,PEK,China,Beijing,2026-09-09,8893,THB
2026-08-03,BKK-PEK,BKK,PEK,China,Beijing,2026-09-12,8296,THB
2026-08-03,BKK-PEK,BKK,PEK,China,Beijing,2026-09-13,10564,THB
2026-08-03,BKK-PEK,BKK,PEK,China,Beijing,2026-09-16,7802,THB
2026-08-03,BKK-PEK,BKK,PEK,China,Beijing,2026-09-21,10744,THB
2026-08-03,BKK-PEK,BKK,PEK,China,Beijing,2026-09-25,10845,THB
2026-08-03,BKK-PEK,BKK,PEK,China,Beijing,2026-10-01,7974,THB
2026-08-03,BKK-PEK,BKK,PEK,China,Beijing,2026-10-03,8388,THB
2026-08-03,BKK-PEK,BKK,PEK,China,Beijing,2026-10-05,13989,THB
2026-08-03,BKK-PEK,BKK,PEK,China,Beijing,2026-10-08,16351,THB
2026-08-03,BKK-PEK,BKK,PEK,China,Beijing,2026-10-11,10366,THB
2026-08-03,BKK-PEK,BKK,PEK,China,Beijing,2026-10-15,11843,THB
2026-08-03,BKK-PEK,BKK,PEK,China,Beijing,2026-10-16,9283,THB
2026-08-03,BKK-PEK,BKK,PEK,China,Beijing,2026-10-19,9267,THB
2026-08-03,BKK-PEK,BKK,PEK,China,Beijing,2026-10-25,8409,THB
2026-08-03,BKK-PEK,BKK,PEK,China,Beijing,2026-10-28,10636,THB
2026-08-03,BKK-PEK,BKK,PEK,China,Beijing,2026-11-01,10040,THB
2026-08-03,BKK-PEK,BKK,PEK,China,Beijing,2026-11-03,10856,THB
2026-08-03,BKK-PEK,BKK,PEK,China,Beijing,2026-11-06,8742,THB
2026-08-03,BKK-PEK,BKK,PEK,China,Beijing,2026-11-09,11558,THB
2026-08-03,BKK-PEK,BKK,PEK,China,Beijing,2026-11-14,10388,THB
2026-08-03,BKK-PEK,BKK,PEK,China,Beijing,2026-11-19,13585,THB
2026-08-03,BKK-PEK,BKK,PEK,China,Beijing,2026-11-20,8493,THB
2026-08-03,BKK-PEK,BKK,PEK,China,Beijing,2026-11-26,11530,THB
2026-08-03,BKK-PEK,BKK,PEK,China,Beijing,2026-12-01,11603,THB
2026-08-03,BKK-PEK,BKK,PEK,China,Beijing,2026-12-04,11483,THB
2026-08-03,BKK-PEK,BKK,PEK,China,Beijing,2026-12-06,11232,THB
2026-08-03,BKK-PEK,BKK,PEK,China,Beijing,2026-12-10,10900,THB
2026-08-03,BKK-PEK,BKK,PEK,China,Beijing,2026-12-11,10237,THB
2026-08-03,BKK-PEK,BKK,PEK,China,Beijing,2026-12-12,10342,THB
2026-08-03,BKK-PEK,BKK,PEK,China,Beijing,2026-12-13,9703,THB
2026-08-03,BKK-PEK,BKK,PEK,China,Beijing,2026-12-14,9703,THB
2026-08-03,BKK-PEK,BKK,PEK,China,Beijing,2026-12-15,9703,THB
2026-08-03,BKK-PEK,BKK,PEK,China,Beijing,2026-12-16,9703,THB
2026-08-03,BKK-PEK,BKK,PEK,China,Beijing,2026-12-17,9707,THB
2026-08-03,BKK-PEK,BKK,PEK,China,Beijing,2026-12-19,10756,THB
2026-08-03,BKK-PEK,BKK,PEK,China,Beijing,2026-12-22,10726,THB
2026-08-03,BKK-PEK,BKK,PEK,China,Beijing,2026-12-23,13672,THB
2026-08-03,BKK-PEK,BKK,PEK,China,Beijing,2026-12-25,10448,THB
2026-08-03,BKK-PEK,BKK,PEK,China,Beijing,2026-12-26,9948,THB
2026-08-03,BKK-PEK,BKK,PEK,China,Beijing,2026-12-27,12879,THB
2026-08-03,BKK-PEK,BKK,PEK,China,Beijing,2026-12-28,12504,THB
2026-08-03,BKK-PEK,BKK,PEK,China,Beijing,2026-12-29,9931,THB
2026-08-03,BKK-PEK,BKK,PEK,China,Beijing,2026-12-30,13268,THB
2026-08-03,BKK-PEK,BKK,PEK,China,Beijing,2026-12-31,9875,THB
2026-08-03,BKK-PEK,BKK,PEK,China,Beijing,2027-01-04,9931,THB
2026-08-03,BKK-PEK,BKK,PEK,China,Beijing,2027-01-05,10557,THB
2026-08-03,BKK-PEK,BKK,PEK,China,Beijing,2027-01-07,13218,THB
2026-08-03,BKK-PEK,BKK,PEK,China,Beijing,2027-01-12,9715,THB
2026-08-03,BKK-PEK,BKK,PEK,China,Beijing,2027-01-13,12284,THB
2026-08-03,BKK-PEK,BKK,PEK,China,Beijing,2027-01-14,9901,THB
2026-08-03,BKK-PEK,BKK,PEK,China,Beijing,2027-01-15,9901,THB
2026-08-03,BKK-PEK,BKK,PEK,China,Beijing,2027-02-01,13138,THB
2026-08-03,BKK-PEK,BKK,PEK,China,Beijing,2027-02-05,13949,THB
2026-08-03,BKK-PEK,BKK,PEK,China,Beijing,2027-02-09,15831,THB
2026-08-03,BKK-PEK,BKK,PEK,China,Beijing,2027-02-13,16407,THB
2026-08-03,BKK-PEK,BKK,PEK,China,Beijing,2027-02-23,12859,THB
2026-08-03,BKK-PEK,BKK,PEK,China,Beijing,2027-03-05,10453,THB
2026-08-03,BKK-PEK,BKK,PEK,China,Beijing,2027-04-18,13344,THB
2026-08-03,BKK-CAN,BKK,CAN,China,Guangzhou,2026-08-04,5933,THB
2026-08-03,BKK-CAN,BKK,CAN,China,Guangzhou,2026-08-05,6403,THB
2026-08-03,BKK-CAN,BKK,CAN,China,Guangzhou,2026-08-07,5849,THB
2026-08-03,BKK-CAN,BKK,CAN,China,Guangzhou,2026-08-12,6270,THB
2026-08-03,BKK-CAN,BKK,CAN,China,Guangzhou,2026-08-13,6370,THB
2026-08-03,BKK-CAN,BKK,CAN,China,Guangzhou,2026-08-15,6264,THB
2026-08-03,BKK-CAN,BKK,CAN,China,Guangzhou,2026-08-18,6817,THB
2026-08-03,BKK-CAN,BKK,CAN,China,Guangzhou,2026-08-19,5548,THB
2026-08-03,BKK-CAN,BKK,CAN,China,Guangzhou,2026-08-20,5905,THB
2026-08-03,BKK-CAN,BKK,CAN,China,Guangzhou,2026-08-21,5301,THB
2026-08-03,BKK-CAN,BKK,CAN,China,Guangzhou,2026-08-22,5713,THB
2026-08-03,BKK-CAN,BKK,CAN,China,Guangzhou,2026-08-24,5336,THB
2026-08-03,BKK-CAN,BKK,CAN,China,Guangzhou,2026-08-26,5416,THB
2026-08-03,BKK-CAN,BKK,CAN,China,Guangzhou,2026-08-31,5516,THB
2026-08-03,BKK-CAN,BKK,CAN,China,Guangzhou,2026-09-01,5427,THB
2026-08-03,BKK-CAN,BKK,CAN,China,Guangzhou,2026-09-05,5662,THB
2026-08-03,BKK-CAN,BKK,CAN,China,Guangzhou,2026-09-06,5566,THB
2026-08-03,BKK-CAN,BKK,CAN,China,Guangzhou,2026-09-07,5513,THB
2026-08-03,BKK-CAN,BKK,CAN,China,Guangzhou,2026-09-08,5301,THB
2026-08-03,BKK-CAN,BKK,CAN,China,Guangzhou,2026-09-09,5243,THB
2026-08-03,BKK-CAN,BKK,CAN,China,Guangzhou,2026-09-11,5381,THB
2026-08-03,BKK-CAN,BKK,CAN,China,Guangzhou,2026-09-13,5367,THB
2026-08-03,BKK-CAN,BKK,CAN,China,Guangzhou,2026-09-15,8631,THB
2026-08-03,BKK-CAN,BKK,CAN,China,Guangzhou,2026-09-19,6122,THB
2026-08-03,BKK-CAN,BKK,CAN,China,Guangzhou,2026-09-20,8128,THB
2026-08-03,BKK-CAN,BKK,CAN,China,Guangzhou,2026-09-21,5253,THB
2026-08-03,BKK-CAN,BKK,CAN,China,Guangzhou,2026-09-29,7670,THB
2026-08-03,BKK-CAN,BKK,CAN,China,Guangzhou,2026-10-01,5006,THB
2026-08-03,BKK-CAN,BKK,CAN,China,Guangzhou,2026-10-04,7416,THB
2026-08-03,BKK-CAN,BKK,CAN,China,Guangzhou,2026-10-12,6106,THB
2026-08-03,BKK-CAN,BKK,CAN,China,Guangzhou,2026-10-15,7016,THB
2026-08-03,BKK-CAN,BKK,CAN,China,Guangzhou,2026-10-21,6575,THB
2026-08-03,BKK-CAN,BKK,CAN,China,Guangzhou,2026-10-28,6328,THB
2026-08-03,BKK-CAN,BKK,CAN,China,Guangzhou,2026-11-02,6187,THB
2026-08-03,BKK-CAN,BKK,CAN,China,Guangzhou,2026-11-08,6703,THB
2026-08-03,BKK-CAN,BKK,CAN,China,Guangzhou,2026-11-15,6782,THB
2026-08-03,BKK-CAN,BKK,CAN,China,Guangzhou,2026-11-24,5879,THB
2026-08-03,BKK-CAN,BKK,CAN,China,Guangzhou,2026-11-25,6349,THB
2026-08-03,BKK-CAN,BKK,CAN,China,Guangzhou,2026-11-26,6280,THB
2026-08-03,BKK-CAN,BKK,CAN,China,Guangzhou,2026-11-27,6291,THB
2026-08-03,BKK-CAN,BKK,CAN,China,Guangzhou,2026-12-02,6333,THB
2026-08-03,BKK-CAN,BKK,CAN,China,Guangzhou,2026-12-05,6997,THB
2026-08-03,BKK-CAN,BKK,CAN,China,Guangzhou,2026-12-13,6673,THB
2026-08-03,BKK-CAN,BKK,CAN,China,Guangzhou,2026-12-16,7188,THB
2026-08-03,BKK-CAN,BKK,CAN,China,Guangzhou,2026-12-20,6799,THB
2026-08-03,BKK-CAN,BKK,CAN,China,Guangzhou,2026-12-24,6777,THB
2026-08-03,BKK-CAN,BKK,CAN,China,Guangzhou,2026-12-25,7528,THB
2026-08-03,BKK-CAN,BKK,CAN,China,Guangzhou,2026-12-28,7500,THB
2026-08-03,BKK-CAN,BKK,CAN,China,Guangzhou,2026-12-30,7301,THB
2026-08-03,BKK-CAN,BKK,CAN,China,Guangzhou,2027-01-03,7626,THB
2026-08-03,BKK-CAN,BKK,CAN,China,Guangzhou,2027-02-02,8521,THB
2026-08-03,BKK-CAN,BKK,CAN,China,Guangzhou,2027-02-19,8946,THB
2026-08-03,BKK-CAN,BKK,CAN,China,Guangzhou,2027-02-28,7932,THB
2026-08-03,BKK-CAN,BKK,CAN,China,Guangzhou,2027-03-12,7657,THB
2026-08-03,BKK-NRT,BKK,NRT,Japan,Tokyo (Narita),2026-08-04,11190,THB
2026-08-03,BKK-NRT,BKK,NRT,Japan,Tokyo (Narita),2026-08-06,12745,THB
2026-08-03,BKK-NRT,BKK,NRT,Japan,Tokyo (Narita),2026-08-08,12295,THB
2026-08-03,BKK-NRT,BKK,NRT,Japan,Tokyo (Narita),2026-08-10,13489,THB
2026-08-03,BKK-NRT,BKK,NRT,Japan,Tokyo (Narita),2026-08-11,13515,THB
2026-08-03,BKK-NRT,BKK,NRT,Japan,Tokyo (Narita),2026-08-12,14625,THB
2026-08-03,BKK-NRT,BKK,NRT,Japan,Tokyo (Narita),2026-08-13,13974,THB
2026-08-03,BKK-NRT,BKK,NRT,Japan,Tokyo (Narita),2026-08-16,15629,THB
2026-08-03,BKK-NRT,BKK,NRT,Japan,Tokyo (Narita),2026-08-17,14463,THB
2026-08-03,BKK-NRT,BKK,NRT,Japan,Tokyo (Narita),2026-08-21,12103,THB
2026-08-03,BKK-NRT,BKK,NRT,Japan,Tokyo (Narita),2026-08-25,10857,THB
2026-08-03,BKK-NRT,BKK,NRT,Japan,Tokyo (Narita),2026-08-26,11897,THB
2026-08-03,BKK-NRT,BKK,NRT,Japan,Tokyo (Narita),2026-08-27,12486,THB
2026-08-03,BKK-NRT,BKK,NRT,Japan,Tokyo (Narita),2026-08-28,13557,THB
2026-08-03,BKK-NRT,BKK,NRT,Japan,Tokyo (Narita),2026-09-01,12023,THB
2026-08-03,BKK-NRT,BKK,NRT,Japan,Tokyo (Narita),2026-09-02,12941,THB
2026-08-03,BKK-NRT,BKK,NRT,Japan,Tokyo (Narita),2026-09-03,11230,THB
2026-08-03,BKK-NRT,BKK,NRT,Japan,Tokyo (Narita),2026-09-05,12268,THB
2026-08-03,BKK-NRT,BKK,NRT,Japan,Tokyo (Narita),2026-09-06,12311,THB
2026-08-03,BKK-NRT,BKK,NRT,Japan,Tokyo (Narita),2026-09-08,11797,THB
2026-08-03,BKK-NRT,BKK,NRT,Japan,Tokyo (Narita),2026-09-09,12696,THB
2026-08-03,BKK-NRT,BKK,NRT,Japan,Tokyo (Narita),2026-09-10,12166,THB
2026-08-03,BKK-NRT,BKK,NRT,Japan,Tokyo (Narita),2026-09-14,12288,THB
2026-08-03,BKK-NRT,BKK,NRT,Japan,Tokyo (Narita),2026-09-15,11151,THB
2026-08-03,BKK-NRT,BKK,NRT,Japan,Tokyo (Narita),2026-09-16,11478,THB
2026-08-03,BKK-NRT,BKK,NRT,Japan,Tokyo (Narita),2026-09-17,11229,THB
2026-08-03,BKK-NRT,BKK,NRT,Japan,Tokyo (Narita),2026-09-18,11065,THB
2026-08-03,BKK-NRT,BKK,NRT,Japan,Tokyo (Narita),2026-09-19,10732,THB
2026-08-03,BKK-NRT,BKK,NRT,Japan,Tokyo (Narita),2026-09-20,10989,THB
2026-08-03,BKK-NRT,BKK,NRT,Japan,Tokyo (Narita),2026-09-21,12099,THB
2026-08-03,BKK-NRT,BKK,NRT,Japan,Tokyo (Narita),2026-09-22,16381,THB
2026-08-03,BKK-NRT,BKK,NRT,Japan,Tokyo (Narita),2026-09-23,13289,THB
2026-08-03,BKK-NRT,BKK,NRT,Japan,Tokyo (Narita),2026-09-24,14225,THB
2026-08-03,BKK-NRT,BKK,NRT,Japan,Tokyo (Narita),2026-09-25,15919,THB
2026-08-03,BKK-NRT,BKK,NRT,Japan,Tokyo (Narita),2026-09-28,12885,THB
2026-08-03,BKK-NRT,BKK,NRT,Japan,Tokyo (Narita),2026-09-30,12985,THB
2026-08-03,BKK-NRT,BKK,NRT,Japan,Tokyo (Narita),2026-10-01,12877,THB
2026-08-03,BKK-NRT,BKK,NRT,Japan,Tokyo (Narita),2026-10-03,12827,THB
2026-08-03,BKK-NRT,BKK,NRT,Japan,Tokyo (Narita),2026-10-04,12925,THB
2026-08-03,BKK-NRT,BKK,NRT,Japan,Tokyo (Narita),2026-10-05,12823,THB
2026-08-03,BKK-NRT,BKK,NRT,Japan,Tokyo (Narita),2026-10-06,11644,THB
2026-08-03,BKK-NRT,BKK,NRT,Japan,Tokyo (Narita),2026-10-07,13174,THB
2026-08-03,BKK-NRT,BKK,NRT,Japan,Tokyo (Narita),2026-10-09,12927,THB
2026-08-03,BKK-NRT,BKK,NRT,Japan,Tokyo (Narita),2026-10-10,13479,THB
2026-08-03,BKK-NRT,BKK,NRT,Japan,Tokyo (Narita),2026-10-11,12931,THB
2026-08-03,BKK-NRT,BKK,NRT,Japan,Tokyo (Narita),2026-10-12,12281,THB
2026-08-03,BKK-NRT,BKK,NRT,Japan,Tokyo (Narita),2026-10-14,13513,THB
2026-08-03,BKK-NRT,BKK,NRT,Japan,Tokyo (Narita),2026-10-16,13170,THB
2026-08-03,BKK-NRT,BKK,NRT,Japan,Tokyo (Narita),2026-10-17,12877,THB
2026-08-03,BKK-NRT,BKK,NRT,Japan,Tokyo (Narita),2026-10-18,12269,THB
2026-08-03,BKK-NRT,BKK,NRT,Japan,Tokyo (Narita),2026-10-19,12814,THB
2026-08-03,BKK-NRT,BKK,NRT,Japan,Tokyo (Narita),2026-10-21,13049,THB
2026-08-03,BKK-NRT,BKK,NRT,Japan,Tokyo (Narita),2026-10-24,12994,THB
2026-08-03,BKK-NRT,BKK,NRT,Japan,Tokyo (Narita),2026-10-25,13023,THB
2026-08-03,BKK-NRT,BKK,NRT,Japan,Tokyo (Narita),2026-10-26,12835,THB
2026-08-03,BKK-NRT,BKK,NRT,Japan,Tokyo (Narita),2026-10-28,12538,THB
2026-08-03,BKK-NRT,BKK,NRT,Japan,Tokyo (Narita),2026-10-30,14054,THB
2026-08-03,BKK-NRT,BKK,NRT,Japan,Tokyo (Narita),2026-10-31,13451,THB
2026-08-03,BKK-NRT,BKK,NRT,Japan,Tokyo (Narita),2026-11-01,13474,THB
2026-08-03,BKK-NRT,BKK,NRT,Japan,Tokyo (Narita),2026-11-03,12536,THB
2026-08-03,BKK-NRT,BKK,NRT,Japan,Tokyo (Narita),2026-11-07,12292,THB
2026-08-03,BKK-NRT,BKK,NRT,Japan,Tokyo (Narita),2026-11-08,11838,THB
2026-08-03,BKK-NRT,BKK,NRT,Japan,Tokyo (Narita),2026-11-09,12109,THB
2026-08-03,BKK-NRT,BKK,NRT,Japan,Tokyo (Narita),2026-11-10,12923,THB
2026-08-03,BKK-NRT,BKK,NRT,Japan,Tokyo (Narita),2026-11-11,12911,THB
2026-08-03,BKK-NRT,BKK,NRT,Japan,Tokyo (Narita),2026-11-14,12138,THB
2026-08-03,BKK-NRT,BKK,NRT,Japan,Tokyo (Narita),2026-11-15,13263,THB
2026-08-03,BKK-NRT,BKK,NRT,Japan,Tokyo (Narita),2026-11-17,13448,THB
2026-08-03,BKK-NRT,BKK,NRT,Japan,Tokyo (Narita),2026-11-19,13867,THB
2026-08-03,BKK-NRT,BKK,NRT,Japan,Tokyo (Narita),2026-11-20,13118,THB
2026-08-03,BKK-NRT,BKK,NRT,Japan,Tokyo (Narita),2026-11-21,12014,THB
2026-08-03,BKK-NRT,BKK,NRT,Japan,Tokyo (Narita),2026-11-25,12538,THB
2026-08-03,BKK-NRT,BKK,NRT,Japan,Tokyo (Narita),2026-11-26,13597,THB
2026-08-03,BKK-NRT,BKK,NRT,Japan,Tokyo (Narita),2026-11-30,12565,THB
2026-08-03,BKK-NRT,BKK,NRT,Japan,Tokyo (Narita),2026-12-02,12959,THB
2026-08-03,BKK-NRT,BKK,NRT,Japan,Tokyo (Narita),2026-12-04,14649,THB
2026-08-03,BKK-NRT,BKK,NRT,Japan,Tokyo (Narita),2026-12-07,14137,THB
2026-08-03,BKK-NRT,BKK,NRT,Japan,Tokyo (Narita),2026-12-08,13462,THB
2026-08-03,BKK-NRT,BKK,NRT,Japan,Tokyo (Narita),2026-12-10,13977,THB
2026-08-03,BKK-NRT,BKK,NRT,Japan,Tokyo (Narita),2026-12-15,15375,THB
2026-08-03,BKK-NRT,BKK,NRT,Japan,Tokyo (Narita),2026-12-23,19161,THB
2026-08-03,BKK-NRT,BKK,NRT,Japan,Tokyo (Narita),2026-12-24,14569,THB
2026-08-03,BKK-NRT,BKK,NRT,Japan,Tokyo (Narita),2026-12-26,16730,THB
2026-08-03,BKK-NRT,BKK,NRT,Japan,Tokyo (Narita),2026-12-28,16720,THB
2026-08-03,BKK-NRT,BKK,NRT,Japan,Tokyo (Narita),2026-12-29,16711,THB
2026-08-03,BKK-NRT,BKK,NRT,Japan,Tokyo (Narita),2026-12-31,16517,THB
2026-08-03,BKK-NRT,BKK,NRT,Japan,Tokyo (Narita),2027-01-02,17207,THB
2026-08-03,BKK-NRT,BKK,NRT,Japan,Tokyo (Narita),2027-01-03,19558,THB
2026-08-03,BKK-NRT,BKK,NRT,Japan,Tokyo (Narita),2027-01-04,15953,THB
2026-08-03,BKK-NRT,BKK,NRT,Japan,Tokyo (Narita),2027-01-05,16534,THB
2026-08-03,BKK-NRT,BKK,NRT,Japan,Tokyo (Narita),2027-01-06,15633,THB
2026-08-03,BKK-NRT,BKK,NRT,Japan,Tokyo (Narita),2027-01-07,14148,THB
2026-08-03,BKK-NRT,BKK,NRT,Japan,Tokyo (Narita),2027-01-14,13459,THB
2026-08-03,BKK-NRT,BKK,NRT,Japan,Tokyo (Narita),2027-01-15,14641,THB
2026-08-03,BKK-NRT,BKK,NRT,Japan,Tokyo (Narita),2027-01-18,14030,THB
2026-08-03,BKK-NRT,BKK,NRT,Japan,Tokyo (Narita),2027-01-21,14866,THB
2026-08-03,BKK-NRT,BKK,NRT,Japan,Tokyo (Narita),2027-01-24,17070,THB
2026-08-03,BKK-NRT,BKK,NRT,Japan,Tokyo (Narita),2027-01-25,14395,THB
2026-08-03,BKK-NRT,BKK,NRT,Japan,Tokyo (Narita),2027-01-26,15017,THB
2026-08-03,BKK-NRT,BKK,NRT,Japan,Tokyo (Narita),2027-01-27,15588,THB
2026-08-03,BKK-NRT,BKK,NRT,Japan,Tokyo (Narita),2027-01-28,15561,THB
2026-08-03,BKK-NRT,BKK,NRT,Japan,Tokyo (Narita),2027-01-30,16821,THB
2026-08-03,BKK-NRT,BKK,NRT,Japan,Tokyo (Narita),2027-02-01,16158,THB
2026-08-03,BKK-NRT,BKK,NRT,Japan,Tokyo (Narita),2027-02-02,13736,THB
2026-08-03,BKK-NRT,BKK,NRT,Japan,Tokyo (Narita),2027-02-06,18241,THB
2026-08-03,BKK-NRT,BKK,NRT,Japan,Tokyo (Narita),2027-02-07,16108,THB
2026-08-03,BKK-NRT,BKK,NRT,Japan,Tokyo (Narita),2027-02-08,13250,THB
2026-08-03,BKK-NRT,BKK,NRT,Japan,Tokyo (Narita),2027-02-10,14359,THB
2026-08-03,BKK-NRT,BKK,NRT,Japan,Tokyo (Narita),2027-02-11,16469,THB
2026-08-03,BKK-NRT,BKK,NRT,Japan,Tokyo (Narita),2027-02-15,13685,THB
2026-08-03,BKK-NRT,BKK,NRT,Japan,Tokyo (Narita),2027-02-20,14849,THB
2026-08-03,BKK-NRT,BKK,NRT,Japan,Tokyo (Narita),2027-02-27,14899,THB
2026-08-03,BKK-NRT,BKK,NRT,Japan,Tokyo (Narita),2027-03-06,9369,THB
2026-08-03,BKK-NRT,BKK,NRT,Japan,Tokyo (Narita),2027-03-12,15204,THB
2026-08-03,BKK-NRT,BKK,NRT,Japan,Tokyo (Narita),2027-03-16,13773,THB
2026-08-03,BKK-NRT,BKK,NRT,Japan,Tokyo (Narita),2027-03-31,14631,THB
2026-08-03,BKK-NRT,BKK,NRT,Japan,Tokyo (Narita),2027-04-01,15712,THB
2026-08-03,BKK-NRT,BKK,NRT,Japan,Tokyo (Narita),2027-04-03,17277,THB
2026-08-03,BKK-NRT,BKK,NRT,Japan,Tokyo (Narita),2027-04-05,16219,THB
2026-08-03,BKK-NRT,BKK,NRT,Japan,Tokyo (Narita),2027-04-07,13736,THB
2026-08-03,BKK-NRT,BKK,NRT,Japan,Tokyo (Narita),2027-04-18,14038,THB
2026-08-03,BKK-NRT,BKK,NRT,Japan,Tokyo (Narita),2027-04-29,15205,THB
2026-08-03,BKK-NRT,BKK,NRT,Japan,Tokyo (Narita),2027-05-01,14199,THB
2026-08-03,BKK-NRT,BKK,NRT,Japan,Tokyo (Narita),2027-05-10,13744,THB
2026-08-03,BKK-NRT,BKK,NRT,Japan,Tokyo (Narita),2027-06-13,14363,THB
2026-08-03,BKK-NRT,BKK,NRT,Japan,Tokyo (Narita),2027-07-12,13917,THB
2026-08-03,BKK-HND,BKK,HND,Japan,Tokyo (Haneda),2026-08-04,15223,THB
2026-08-03,BKK-HND,BKK,HND,Japan,Tokyo (Haneda),2026-08-06,14119,THB
2026-08-03,BKK-HND,BKK,HND,Japan,Tokyo (Haneda),2026-08-08,14305,THB
2026-08-03,BKK-HND,BKK,HND,Japan,Tokyo (Haneda),2026-08-10,16934,THB
2026-08-03,BKK-HND,BKK,HND,Japan,Tokyo (Haneda),2026-08-11,17146,THB
2026-08-03,BKK-HND,BKK,HND,Japan,Tokyo (Haneda),2026-08-12,17596,THB
2026-08-03,BKK-HND,BKK,HND,Japan,Tokyo (Haneda),2026-08-13,14850,THB
2026-08-03,BKK-HND,BKK,HND,Japan,Tokyo (Haneda),2026-08-16,21248,THB
2026-08-03,BKK-HND,BKK,HND,Japan,Tokyo (Haneda),2026-08-17,18839,THB
2026-08-03,BKK-HND,BKK,HND,Japan,Tokyo (Haneda),2026-08-21,14310,THB
2026-08-03,BKK-HND,BKK,HND,Japan,Tokyo (Haneda),2026-08-25,14822,THB
2026-08-03,BKK-HND,BKK,HND,Japan,Tokyo (Haneda),2026-08-26,15584,THB
2026-08-03,BKK-HND,BKK,HND,Japan,Tokyo (Haneda),2026-08-27,15771,THB
2026-08-03,BKK-HND,BKK,HND,Japan,Tokyo (Haneda),2026-08-28,18517,THB
2026-08-03,BKK-HND,BKK,HND,Japan,Tokyo (Haneda),2026-09-01,16567,THB
2026-08-03,BKK-HND,BKK,HND,Japan,Tokyo (Haneda),2026-09-02,15089,THB
2026-08-03,BKK-HND,BKK,HND,Japan,Tokyo (Haneda),2026-09-03,15271,THB
2026-08-03,BKK-HND,BKK,HND,Japan,Tokyo (Haneda),2026-09-05,16550,THB
2026-08-03,BKK-HND,BKK,HND,Japan,Tokyo (Haneda),2026-09-06,16802,THB
2026-08-03,BKK-HND,BKK,HND,Japan,Tokyo (Haneda),2026-09-08,15893,THB
2026-08-03,BKK-HND,BKK,HND,Japan,Tokyo (Haneda),2026-09-09,15505,THB
2026-08-03,BKK-HND,BKK,HND,Japan,Tokyo (Haneda),2026-09-10,19140,THB
2026-08-03,BKK-HND,BKK,HND,Japan,Tokyo (Haneda),2026-09-14,14780,THB
2026-08-03,BKK-HND,BKK,HND,Japan,Tokyo (Haneda),2026-09-15,14969,THB
2026-08-03,BKK-HND,BKK,HND,Japan,Tokyo (Haneda),2026-09-16,12965,THB
2026-08-03,BKK-HND,BKK,HND,Japan,Tokyo (Haneda),2026-09-17,15010,THB
2026-08-03,BKK-HND,BKK,HND,Japan,Tokyo (Haneda),2026-09-18,16167,THB
2026-08-03,BKK-HND,BKK,HND,Japan,Tokyo (Haneda),2026-09-19,15794,THB
2026-08-03,BKK-HND,BKK,HND,Japan,Tokyo (Haneda),2026-09-20,16645,THB
2026-08-03,BKK-HND,BKK,HND,Japan,Tokyo (Haneda),2026-09-21,17083,THB
2026-08-03,BKK-HND,BKK,HND,Japan,Tokyo (Haneda),2026-09-22,20377,THB
2026-08-03,BKK-HND,BKK,HND,Japan,Tokyo (Haneda),2026-09-23,17312,THB
2026-08-03,BKK-HND,BKK,HND,Japan,Tokyo (Haneda),2026-09-24,16574,THB
2026-08-03,BKK-HND,BKK,HND,Japan,Tokyo (Haneda),2026-09-25,27442,THB
2026-08-03,BKK-HND,BKK,HND,Japan,Tokyo (Haneda),2026-09-28,15917,THB
2026-08-03,BKK-HND,BKK,HND,Japan,Tokyo (Haneda),2026-09-30,19172,THB
2026-08-03,BKK-HND,BKK,HND,Japan,Tokyo (Haneda),2026-10-01,18712,THB
2026-08-03,BKK-HND,BKK,HND,Japan,Tokyo (Haneda),2026-10-03,15960,THB
2026-08-03,BKK-HND,BKK,HND,Japan,Tokyo (Haneda),2026-10-04,17914,THB
2026-08-03,BKK-HND,BKK,HND,Japan,Tokyo (Haneda),2026-10-05,16696,THB
2026-08-03,BKK-HND,BKK,HND,Japan,Tokyo (Haneda),2026-10-06,14661,THB
2026-08-03,BKK-HND,BKK,HND,Japan,Tokyo (Haneda),2026-10-07,13544,THB
2026-08-03,BKK-HND,BKK,HND,Japan,Tokyo (Haneda),2026-10-09,15387,THB
2026-08-03,BKK-HND,BKK,HND,Japan,Tokyo (Haneda),2026-10-10,15725,THB
2026-08-03,BKK-HND,BKK,HND,Japan,Tokyo (Haneda),2026-10-11,19091,THB
2026-08-03,BKK-HND,BKK,HND,Japan,Tokyo (Haneda),2026-10-12,18607,THB
2026-08-03,BKK-HND,BKK,HND,Japan,Tokyo (Haneda),2026-10-14,16174,THB
2026-08-03,BKK-HND,BKK,HND,Japan,Tokyo (Haneda),2026-10-16,17962,THB
2026-08-03,BKK-HND,BKK,HND,Japan,Tokyo (Haneda),2026-10-17,16962,THB
2026-08-03,BKK-HND,BKK,HND,Japan,Tokyo (Haneda),2026-10-18,15879,THB
2026-08-03,BKK-HND,BKK,HND,Japan,Tokyo (Haneda),2026-10-19,14247,THB
2026-08-03,BKK-HND,BKK,HND,Japan,Tokyo (Haneda),2026-10-21,17973,THB
2026-08-03,BKK-HND,BKK,HND,Japan,Tokyo (Haneda),2026-10-24,15418,THB
2026-08-03,BKK-HND,BKK,HND,Japan,Tokyo (Haneda),2026-10-25,13822,THB
2026-08-03,BKK-HND,BKK,HND,Japan,Tokyo (Haneda),2026-10-26,18134,THB
2026-08-03,BKK-HND,BKK,HND,Japan,Tokyo (Haneda),2026-10-28,13709,THB
2026-08-03,BKK-HND,BKK,HND,Japan,Tokyo (Haneda),2026-10-30,16739,THB
2026-08-03,BKK-HND,BKK,HND,Japan,Tokyo (Haneda),2026-10-31,16943,THB
2026-08-03,BKK-HND,BKK,HND,Japan,Tokyo (Haneda),2026-11-01,14468,THB
2026-08-03,BKK-HND,BKK,HND,Japan,Tokyo (Haneda),2026-11-03,14427,THB
2026-08-03,BKK-HND,BKK,HND,Japan,Tokyo (Haneda),2026-11-07,16689,THB
2026-08-03,BKK-HND,BKK,HND,Japan,Tokyo (Haneda),2026-11-08,15908,THB
2026-08-03,BKK-HND,BKK,HND,Japan,Tokyo (Haneda),2026-11-09,18198,THB
2026-08-03,BKK-HND,BKK,HND,Japan,Tokyo (Haneda),2026-11-10,15088,THB
2026-08-03,BKK-HND,BKK,HND,Japan,Tokyo (Haneda),2026-11-11,16420,THB
2026-08-03,BKK-HND,BKK,HND,Japan,Tokyo (Haneda),2026-11-14,17691,THB
2026-08-03,BKK-HND,BKK,HND,Japan,Tokyo (Haneda),2026-11-15,15175,THB
2026-08-03,BKK-HND,BKK,HND,Japan,Tokyo (Haneda),2026-11-17,17151,THB
2026-08-03,BKK-HND,BKK,HND,Japan,Tokyo (Haneda),2026-11-19,18634,THB
2026-08-03,BKK-HND,BKK,HND,Japan,Tokyo (Haneda),2026-11-20,15846,THB
2026-08-03,BKK-HND,BKK,HND,Japan,Tokyo (Haneda),2026-11-21,16927,THB
2026-08-03,BKK-HND,BKK,HND,Japan,Tokyo (Haneda),2026-11-25,16354,THB
2026-08-03,BKK-HND,BKK,HND,Japan,Tokyo (Haneda),2026-11-26,18791,THB
2026-08-03,BKK-HND,BKK,HND,Japan,Tokyo (Haneda),2026-11-30,15186,THB
2026-08-03,BKK-HND,BKK,HND,Japan,Tokyo (Haneda),2026-12-02,14472,THB
2026-08-03,BKK-HND,BKK,HND,Japan,Tokyo (Haneda),2026-12-04,13445,THB
2026-08-03,BKK-HND,BKK,HND,Japan,Tokyo (Haneda),2026-12-07,16140,THB
2026-08-03,BKK-HND,BKK,HND,Japan,Tokyo (Haneda),2026-12-08,14478,THB
2026-08-03,BKK-HND,BKK,HND,Japan,Tokyo (Haneda),2026-12-10,14915,THB
2026-08-03,BKK-HND,BKK,HND,Japan,Tokyo (Haneda),2026-12-15,16365,THB
2026-08-03,BKK-HND,BKK,HND,Japan,Tokyo (Haneda),2026-12-23,20158,THB
2026-08-03,BKK-HND,BKK,HND,Japan,Tokyo (Haneda),2026-12-24,14974,THB
2026-08-03,BKK-HND,BKK,HND,Japan,Tokyo (Haneda),2026-12-26,16735,THB
2026-08-03,BKK-HND,BKK,HND,Japan,Tokyo (Haneda),2026-12-28,17869,THB
2026-08-03,BKK-HND,BKK,HND,Japan,Tokyo (Haneda),2026-12-29,18545,THB
2026-08-03,BKK-HND,BKK,HND,Japan,Tokyo (Haneda),2026-12-31,19293,THB
2026-08-03,BKK-HND,BKK,HND,Japan,Tokyo (Haneda),2027-01-02,19059,THB
2026-08-03,BKK-HND,BKK,HND,Japan,Tokyo (Haneda),2027-01-03,21168,THB
2026-08-03,BKK-HND,BKK,HND,Japan,Tokyo (Haneda),2027-01-04,20311,THB
2026-08-03,BKK-HND,BKK,HND,Japan,Tokyo (Haneda),2027-01-05,18655,THB
2026-08-03,BKK-HND,BKK,HND,Japan,Tokyo (Haneda),2027-01-06,16438,THB
2026-08-03,BKK-HND,BKK,HND,Japan,Tokyo (Haneda),2027-01-07,14436,THB
2026-08-03,BKK-HND,BKK,HND,Japan,Tokyo (Haneda),2027-01-14,14983,THB
2026-08-03,BKK-HND,BKK,HND,Japan,Tokyo (Haneda),2027-01-15,14898,THB
2026-08-03,BKK-HND,BKK,HND,Japan,Tokyo (Haneda),2027-01-18,14906,THB
2026-08-03,BKK-HND,BKK,HND,Japan,Tokyo (Haneda),2027-01-21,16868,THB
2026-08-03,BKK-HND,BKK,HND,Japan,Tokyo (Haneda),2027-01-24,16907,THB
2026-08-03,BKK-HND,BKK,HND,Japan,Tokyo (Haneda),2027-01-25,15896,THB
2026-08-03,BKK-HND,BKK,HND,Japan,Tokyo (Haneda),2027-01-26,14919,THB
2026-08-03,BKK-HND,BKK,HND,Japan,Tokyo (Haneda),2027-01-27,14331,THB
2026-08-03,BKK-HND,BKK,HND,Japan,Tokyo (Haneda),2027-01-28,14333,THB
2026-08-03,BKK-HND,BKK,HND,Japan,Tokyo (Haneda),2027-01-30,15819,THB
2026-08-03,BKK-HND,BKK,HND,Japan,Tokyo (Haneda),2027-02-01,14818,THB
2026-08-03,BKK-HND,BKK,HND,Japan,Tokyo (Haneda),2027-02-02,15885,THB
2026-08-03,BKK-HND,BKK,HND,Japan,Tokyo (Haneda),2027-02-06,15320,THB
2026-08-03,BKK-HND,BKK,HND,Japan,Tokyo (Haneda),2027-02-07,16040,THB
2026-08-03,BKK-HND,BKK,HND,Japan,Tokyo (Haneda),2027-02-08,15250,THB
2026-08-03,BKK-HND,BKK,HND,Japan,Tokyo (Haneda),2027-02-10,19078,THB
2026-08-03,BKK-HND,BKK,HND,Japan,Tokyo (Haneda),2027-02-11,19907,THB
2026-08-03,BKK-HND,BKK,HND,Japan,Tokyo (Haneda),2027-02-15,17270,THB
2026-08-03,BKK-HND,BKK,HND,Japan,Tokyo (Haneda),2027-02-20,16750,THB
2026-08-03,BKK-HND,BKK,HND,Japan,Tokyo (Haneda),2027-02-27,14795,THB
2026-08-03,BKK-HND,BKK,HND,Japan,Tokyo (Haneda),2027-03-06,10574,THB
2026-08-03,BKK-HND,BKK,HND,Japan,Tokyo (Haneda),2027-03-12,14721,THB
2026-08-03,BKK-HND,BKK,HND,Japan,Tokyo (Haneda),2027-03-16,14797,THB
2026-08-03,BKK-HND,BKK,HND,Japan,Tokyo (Haneda),2027-03-31,19278,THB
2026-08-03,BKK-HND,BKK,HND,Japan,Tokyo (Haneda),2027-04-01,20716,THB
2026-08-03,BKK-HND,BKK,HND,Japan,Tokyo (Haneda),2027-04-03,17343,THB
2026-08-03,BKK-HND,BKK,HND,Japan,Tokyo (Haneda),2027-04-05,19335,THB
2026-08-03,BKK-HND,BKK,HND,Japan,Tokyo (Haneda),2027-04-07,16658,THB
2026-08-03,BKK-HND,BKK,HND,Japan,Tokyo (Haneda),2027-04-18,14808,THB
2026-08-03,BKK-HND,BKK,HND,Japan,Tokyo (Haneda),2027-04-29,17592,THB
2026-08-03,BKK-HND,BKK,HND,Japan,Tokyo (Haneda),2027-05-01,14960,THB
2026-08-03,BKK-HND,BKK,HND,Japan,Tokyo (Haneda),2027-05-10,14305,THB
2026-08-03,BKK-HND,BKK,HND,Japan,Tokyo (Haneda),2027-06-13,13034,THB
2026-08-03,BKK-HND,BKK,HND,Japan,Tokyo (Haneda),2027-07-12,14146,THB
2026-08-03,BKK-KIX,BKK,KIX,Japan,Osaka,2026-08-04,15063,THB
2026-08-03,BKK-KIX,BKK,KIX,Japan,Osaka,2026-08-06,17126,THB
2026-08-03,BKK-KIX,BKK,KIX,Japan,Osaka,2026-08-08,11488,THB
2026-08-03,BKK-KIX,BKK,KIX,Japan,Osaka,2026-08-11,10614,THB
2026-08-03,BKK-KIX,BKK,KIX,Japan,Osaka,2026-08-17,12373,THB
2026-08-03,BKK-KIX,BKK,KIX,Japan,Osaka,2026-08-27,10239,THB
2026-08-03,BKK-KIX,BKK,KIX,Japan,Osaka,2026-09-14,16207,THB
2026-08-03,BKK-KIX,BKK,KIX,Japan,Osaka,2026-09-24,13427,THB
2026-08-03,BKK-KIX,BKK,KIX,Japan,Osaka,2026-10-03,13031,THB
2026-08-03,BKK-KIX,BKK,KIX,Japan,Osaka,2026-10-12,12311,THB
2026-08-03,BKK-KIX,BKK,KIX,Japan,Osaka,2026-10-13,12658,THB
2026-08-03,BKK-KIX,BKK,KIX,Japan,Osaka,2026-11-03,12622,THB
2026-08-03,BKK-KIX,BKK,KIX,Japan,Osaka,2026-11-06,13674,THB
2026-08-03,BKK-KIX,BKK,KIX,Japan,Osaka,2026-11-07,13674,THB
2026-08-03,BKK-KIX,BKK,KIX,Japan,Osaka,2026-11-08,12372,THB
2026-08-03,BKK-KIX,BKK,KIX,Japan,Osaka,2026-11-09,13570,THB
2026-08-03,BKK-KIX,BKK,KIX,Japan,Osaka,2026-11-11,13674,THB
2026-08-03,BKK-KIX,BKK,KIX,Japan,Osaka,2026-11-17,12983,THB
2026-08-03,BKK-KIX,BKK,KIX,Japan,Osaka,2026-11-18,13052,THB
2026-08-03,BKK-KIX,BKK,KIX,Japan,Osaka,2026-11-22,13056,THB
2026-08-03,BKK-KIX,BKK,KIX,Japan,Osaka,2026-12-01,13056,THB
2026-08-03,BKK-KIX,BKK,KIX,Japan,Osaka,2026-12-03,13488,THB
2026-08-03,BKK-KIX,BKK,KIX,Japan,Osaka,2026-12-10,12977,THB
2026-08-03,BKK-KIX,BKK,KIX,Japan,Osaka,2026-12-15,14578,THB
2026-08-03,BKK-KIX,BKK,KIX,Japan,Osaka,2027-01-03,17189,THB
2026-08-03,BKK-KIX,BKK,KIX,Japan,Osaka,2027-01-04,14612,THB
2026-08-03,BKK-KIX,BKK,KIX,Japan,Osaka,2027-01-11,12747,THB
2026-08-03,BKK-KIX,BKK,KIX,Japan,Osaka,2027-01-22,12290,THB
2026-08-03,BKK-KIX,BKK,KIX,Japan,Osaka,2027-01-27,12934,THB
2026-08-03,BKK-KIX,BKK,KIX,Japan,Osaka,2027-02-01,13630,THB
2026-08-03,BKK-KIX,BKK,KIX,Japan,Osaka,2027-02-07,13674,THB
2026-08-03,BKK-KIX,BKK,KIX,Japan,Osaka,2027-03-27,15543,THB
2026-08-03,BKK-SGN,BKK,SGN,Vietnam,Ho Chi Minh City,2026-08-03,202959,THB
2026-08-03,BKK-SGN,BKK,SGN,Vietnam,Ho Chi Minh City,2026-08-04,4661,THB
2026-08-03,BKK-SGN,BKK,SGN,Vietnam,Ho Chi Minh City,2026-08-05,5269,THB
2026-08-03,BKK-SGN,BKK,SGN,Vietnam,Ho Chi Minh City,2026-08-06,4699,THB
2026-08-03,BKK-SGN,BKK,SGN,Vietnam,Ho Chi Minh City,2026-08-07,4931,THB
2026-08-03,BKK-SGN,BKK,SGN,Vietnam,Ho Chi Minh City,2026-08-10,5055,THB
2026-08-03,BKK-SGN,BKK,SGN,Vietnam,Ho Chi Minh City,2026-08-11,5173,THB
2026-08-03,BKK-SGN,BKK,SGN,Vietnam,Ho Chi Minh City,2026-08-13,4967,THB
2026-08-03,BKK-SGN,BKK,SGN,Vietnam,Ho Chi Minh City,2026-08-14,4881,THB
2026-08-03,BKK-SGN,BKK,SGN,Vietnam,Ho Chi Minh City,2026-08-15,3004,THB
2026-08-03,BKK-SGN,BKK,SGN,Vietnam,Ho Chi Minh City,2026-08-16,5039,THB
2026-08-03,BKK-SGN,BKK,SGN,Vietnam,Ho Chi Minh City,2026-08-17,5076,THB
2026-08-03,BKK-SGN,BKK,SGN,Vietnam,Ho Chi Minh City,2026-08-18,4918,THB
2026-08-03,BKK-SGN,BKK,SGN,Vietnam,Ho Chi Minh City,2026-08-19,4918,THB
2026-08-03,BKK-SGN,BKK,SGN,Vietnam,Ho Chi Minh City,2026-08-20,4712,THB
2026-08-03,BKK-SGN,BKK,SGN,Vietnam,Ho Chi Minh City,2026-08-21,4919,THB
2026-08-03,BKK-SGN,BKK,SGN,Vietnam,Ho Chi Minh City,2026-08-22,4679,THB
2026-08-03,BKK-SGN,BKK,SGN,Vietnam,Ho Chi Minh City,2026-08-23,4914,THB
2026-08-03,BKK-SGN,BKK,SGN,Vietnam,Ho Chi Minh City,2026-08-24,5080,THB
2026-08-03,BKK-SGN,BKK,SGN,Vietnam,Ho Chi Minh City,2026-08-25,5038,THB
2026-08-03,BKK-SGN,BKK,SGN,Vietnam,Ho Chi Minh City,2026-08-26,4980,THB
2026-08-03,BKK-SGN,BKK,SGN,Vietnam,Ho Chi Minh City,2026-08-27,4645,THB
2026-08-03,BKK-SGN,BKK,SGN,Vietnam,Ho Chi Minh City,2026-08-28,5578,THB
2026-08-03,BKK-SGN,BKK,SGN,Vietnam,Ho Chi Minh City,2026-08-29,4966,THB
2026-08-03,BKK-SGN,BKK,SGN,Vietnam,Ho Chi Minh City,2026-08-30,5083,THB
2026-08-03,BKK-SGN,BKK,SGN,Vietnam,Ho Chi Minh City,2026-08-31,4961,THB
2026-08-03,BKK-SGN,BKK,SGN,Vietnam,Ho Chi Minh City,2026-09-11,4594,THB
2026-08-03,BKK-SGN,BKK,SGN,Vietnam,Ho Chi Minh City,2026-09-15,4812,THB
2026-08-03,BKK-SGN,BKK,SGN,Vietnam,Ho Chi Minh City,2026-09-19,4859,THB
2026-08-03,BKK-SGN,BKK,SGN,Vietnam,Ho Chi Minh City,2026-09-20,4914,THB
2026-08-03,BKK-SGN,BKK,SGN,Vietnam,Ho Chi Minh City,2026-09-23,4890,THB
2026-08-03,BKK-SGN,BKK,SGN,Vietnam,Ho Chi Minh City,2026-09-24,4895,THB
2026-08-03,BKK-SGN,BKK,SGN,Vietnam,Ho Chi Minh City,2026-09-25,5036,THB
2026-08-03,BKK-SGN,BKK,SGN,Vietnam,Ho Chi Minh City,2026-09-26,5389,THB
2026-08-03,BKK-SGN,BKK,SGN,Vietnam,Ho Chi Minh City,2026-09-27,5112,THB
2026-08-03,BKK-SGN,BKK,SGN,Vietnam,Ho Chi Minh City,2026-10-01,4956,THB
2026-08-03,BKK-SGN,BKK,SGN,Vietnam,Ho Chi Minh City,2026-10-08,5191,THB
2026-08-03,BKK-SGN,BKK,SGN,Vietnam,Ho Chi Minh City,2026-10-09,5308,THB
2026-08-03,BKK-SGN,BKK,SGN,Vietnam,Ho Chi Minh City,2026-10-12,5505,THB
2026-08-03,BKK-SGN,BKK,SGN,Vietnam,Ho Chi Minh City,2026-10-13,5493,THB
2026-08-03,BKK-SGN,BKK,SGN,Vietnam,Ho Chi Minh City,2026-10-17,4872,THB
2026-08-03,BKK-SGN,BKK,SGN,Vietnam,Ho Chi Minh City,2026-10-19,5336,THB
2026-08-03,BKK-SGN,BKK,SGN,Vietnam,Ho Chi Minh City,2026-10-20,4920,THB
2026-08-03,BKK-SGN,BKK,SGN,Vietnam,Ho Chi Minh City,2026-10-26,5133,THB
2026-08-03,BKK-SGN,BKK,SGN,Vietnam,Ho Chi Minh City,2026-11-01,5961,THB
2026-08-03,BKK-SGN,BKK,SGN,Vietnam,Ho Chi Minh City,2026-11-09,5062,THB
2026-08-03,BKK-SGN,BKK,SGN,Vietnam,Ho Chi Minh City,2026-11-13,4892,THB
2026-08-03,BKK-SGN,BKK,SGN,Vietnam,Ho Chi Minh City,2026-11-14,5098,THB
2026-08-03,BKK-SGN,BKK,SGN,Vietnam,Ho Chi Minh City,2026-11-16,5244,THB
2026-08-03,BKK-SGN,BKK,SGN,Vietnam,Ho Chi Minh City,2026-12-01,5528,THB
2026-08-03,BKK-SGN,BKK,SGN,Vietnam,Ho Chi Minh City,2026-12-02,5117,THB
2026-08-03,BKK-SGN,BKK,SGN,Vietnam,Ho Chi Minh City,2026-12-03,5540,THB
2026-08-03,BKK-SGN,BKK,SGN,Vietnam,Ho Chi Minh City,2026-12-04,6319,THB
2026-08-03,BKK-SGN,BKK,SGN,Vietnam,Ho Chi Minh City,2026-12-05,6314,THB
2026-08-03,BKK-SGN,BKK,SGN,Vietnam,Ho Chi Minh City,2026-12-06,6471,THB
2026-08-03,BKK-SGN,BKK,SGN,Vietnam,Ho Chi Minh City,2026-12-08,5186,THB
2026-08-03,BKK-SGN,BKK,SGN,Vietnam,Ho Chi Minh City,2026-12-09,5947,THB
2026-08-03,BKK-SGN,BKK,SGN,Vietnam,Ho Chi Minh City,2026-12-11,5826,THB
2026-08-03,BKK-SGN,BKK,SGN,Vietnam,Ho Chi Minh City,2026-12-18,5999,THB
2026-08-03,BKK-SGN,BKK,SGN,Vietnam,Ho Chi Minh City,2026-12-19,6102,THB
2026-08-03,BKK-SGN,BKK,SGN,Vietnam,Ho Chi Minh City,2026-12-20,5624,THB
2026-08-03,BKK-SGN,BKK,SGN,Vietnam,Ho Chi Minh City,2026-12-21,6030,THB
2026-08-03,BKK-SGN,BKK,SGN,Vietnam,Ho Chi Minh City,2026-12-29,5760,THB
2026-08-03,BKK-SGN,BKK,SGN,Vietnam,Ho Chi Minh City,2026-12-30,5918,THB
2026-08-03,BKK-SGN,BKK,SGN,Vietnam,Ho Chi Minh City,2027-01-02,6079,THB
2026-08-03,BKK-SGN,BKK,SGN,Vietnam,Ho Chi Minh City,2027-01-04,6398,THB
2026-08-03,BKK-SGN,BKK,SGN,Vietnam,Ho Chi Minh City,2027-01-06,5467,THB
2026-08-03,BKK-SGN,BKK,SGN,Vietnam,Ho Chi Minh City,2027-01-09,4913,THB
2026-08-03,BKK-SGN,BKK,SGN,Vietnam,Ho Chi Minh City,2027-01-12,4981,THB
2026-08-03,BKK-SGN,BKK,SGN,Vietnam,Ho Chi Minh City,2027-01-18,4920,THB
2026-08-03,BKK-SGN,BKK,SGN,Vietnam,Ho Chi Minh City,2027-01-20,5072,THB
2026-08-03,BKK-SGN,BKK,SGN,Vietnam,Ho Chi Minh City,2027-01-22,4951,THB
2026-08-03,BKK-SGN,BKK,SGN,Vietnam,Ho Chi Minh City,2027-01-29,4920,THB
2026-08-03,BKK-SGN,BKK,SGN,Vietnam,Ho Chi Minh City,2027-02-01,5534,THB
2026-08-03,BKK-SGN,BKK,SGN,Vietnam,Ho Chi Minh City,2027-02-02,4952,THB
2026-08-03,BKK-SGN,BKK,SGN,Vietnam,Ho Chi Minh City,2027-02-11,5801,THB
2026-08-03,BKK-SGN,BKK,SGN,Vietnam,Ho Chi Minh City,2027-02-16,6119,THB
2026-08-03,BKK-SGN,BKK,SGN,Vietnam,Ho Chi Minh City,2027-02-18,5149,THB
2026-08-03,BKK-SGN,BKK,SGN,Vietnam,Ho Chi Minh City,2027-02-24,4863,THB
2026-08-03,BKK-SGN,BKK,SGN,Vietnam,Ho Chi Minh City,2027-02-25,4920,THB
2026-08-03,BKK-SGN,BKK,SGN,Vietnam,Ho Chi Minh City,2027-02-26,4914,THB
2026-08-03,BKK-SGN,BKK,SGN,Vietnam,Ho Chi Minh City,2027-02-27,4893,THB
2026-08-03,BKK-SGN,BKK,SGN,Vietnam,Ho Chi Minh City,2027-03-01,5133,THB
2026-08-03,BKK-SGN,BKK,SGN,Vietnam,Ho Chi Minh City,2027-03-02,4908,THB
2026-08-03,BKK-SGN,BKK,SGN,Vietnam,Ho Chi Minh City,2027-03-17,4920,THB
2026-08-03,BKK-HAN,BKK,HAN,Vietnam,Hanoi,2026-08-04,5178,THB
2026-08-03,BKK-HAN,BKK,HAN,Vietnam,Hanoi,2026-08-05,5276,THB
2026-08-03,BKK-HAN,BKK,HAN,Vietnam,Hanoi,2026-08-07,5273,THB
2026-08-03,BKK-HAN,BKK,HAN,Vietnam,Hanoi,2026-08-08,5166,THB
2026-08-03,BKK-HAN,BKK,HAN,Vietnam,Hanoi,2026-08-13,5303,THB
2026-08-03,BKK-HAN,BKK,HAN,Vietnam,Hanoi,2026-08-14,4942,THB
2026-08-03,BKK-HAN,BKK,HAN,Vietnam,Hanoi,2026-08-15,4940,THB
2026-08-03,BKK-HAN,BKK,HAN,Vietnam,Hanoi,2026-08-16,4931,THB
2026-08-03,BKK-HAN,BKK,HAN,Vietnam,Hanoi,2026-08-17,5104,THB
2026-08-03,BKK-HAN,BKK,HAN,Vietnam,Hanoi,2026-08-19,5175,THB
2026-08-03,BKK-HAN,BKK,HAN,Vietnam,Hanoi,2026-08-21,4713,THB
2026-08-03,BKK-HAN,BKK,HAN,Vietnam,Hanoi,2026-08-23,5153,THB
2026-08-03,BKK-HAN,BKK,HAN,Vietnam,Hanoi,2026-08-25,5203,THB
2026-08-03,BKK-HAN,BKK,HAN,Vietnam,Hanoi,2026-09-01,5534,THB
2026-08-03,BKK-HAN,BKK,HAN,Vietnam,Hanoi,2026-09-10,5182,THB
2026-08-03,BKK-HAN,BKK,HAN,Vietnam,Hanoi,2026-09-11,4905,THB
2026-08-03,BKK-HAN,BKK,HAN,Vietnam,Hanoi,2026-09-13,5260,THB
2026-08-03,BKK-HAN,BKK,HAN,Vietnam,Hanoi,2026-09-16,5273,THB
2026-08-03,BKK-HAN,BKK,HAN,Vietnam,Hanoi,2026-10-01,5043,THB
2026-08-03,BKK-HAN,BKK,HAN,Vietnam,Hanoi,2026-10-03,5215,THB
2026-08-03,BKK-HAN,BKK,HAN,Vietnam,Hanoi,2026-10-04,5264,THB
2026-08-03,BKK-HAN,BKK,HAN,Vietnam,Hanoi,2026-10-07,5049,THB
2026-08-03,BKK-HAN,BKK,HAN,Vietnam,Hanoi,2026-10-13,4530,THB
2026-08-03,BKK-HAN,BKK,HAN,Vietnam,Hanoi,2026-10-26,4961,THB
2026-08-03,BKK-HAN,BKK,HAN,Vietnam,Hanoi,2026-11-01,5175,THB
2026-08-03,BKK-HAN,BKK,HAN,Vietnam,Hanoi,2026-11-09,5197,THB
2026-08-03,BKK-HAN,BKK,HAN,Vietnam,Hanoi,2026-11-16,5249,THB
2026-08-03,BKK-HAN,BKK,HAN,Vietnam,Hanoi,2026-11-20,5269,THB
2026-08-03,BKK-HAN,BKK,HAN,Vietnam,Hanoi,2026-11-24,5045,THB
2026-08-03,BKK-HAN,BKK,HAN,Vietnam,Hanoi,2026-11-27,5574,THB
2026-08-03,BKK-HAN,BKK,HAN,Vietnam,Hanoi,2026-11-29,5366,THB
2026-08-03,BKK-HAN,BKK,HAN,Vietnam,Hanoi,2026-12-02,5575,THB
2026-08-03,BKK-HAN,BKK,HAN,Vietnam,Hanoi,2026-12-08,5844,THB
2026-08-03,BKK-HAN,BKK,HAN,Vietnam,Hanoi,2026-12-10,5740,THB
2026-08-03,BKK-HAN,BKK,HAN,Vietnam,Hanoi,2026-12-22,5571,THB
2026-08-03,BKK-HAN,BKK,HAN,Vietnam,Hanoi,2026-12-26,5399,THB
2026-08-03,BKK-HAN,BKK,HAN,Vietnam,Hanoi,2026-12-30,5873,THB
2026-08-03,BKK-HAN,BKK,HAN,Vietnam,Hanoi,2027-01-07,5503,THB
2026-08-03,BKK-HAN,BKK,HAN,Vietnam,Hanoi,2027-01-11,5603,THB
2026-08-03,BKK-HAN,BKK,HAN,Vietnam,Hanoi,2027-01-12,5588,THB
2026-08-03,BKK-HAN,BKK,HAN,Vietnam,Hanoi,2027-01-17,5476,THB
2026-08-03,BKK-HAN,BKK,HAN,Vietnam,Hanoi,2027-01-18,5476,THB
2026-08-03,BKK-HAN,BKK,HAN,Vietnam,Hanoi,2027-01-19,5681,THB
2026-08-03,BKK-HAN,BKK,HAN,Vietnam,Hanoi,2027-01-27,5578,THB
2026-08-03,BKK-HAN,BKK,HAN,Vietnam,Hanoi,2027-02-10,4998,THB
2026-08-03,BKK-HAN,BKK,HAN,Vietnam,Hanoi,2027-02-24,5542,THB
2026-08-03,BKK-DAD,BKK,DAD,Vietnam,Da Nang,2026-08-04,4748,THB
2026-08-03,BKK-DAD,BKK,DAD,Vietnam,Da Nang,2026-08-05,5021,THB
2026-08-03,BKK-DAD,BKK,DAD,Vietnam,Da Nang,2026-08-06,5320,THB
2026-08-03,BKK-DAD,BKK,DAD,Vietnam,Da Nang,2026-08-07,5178,THB
2026-08-03,BKK-DAD,BKK,DAD,Vietnam,Da Nang,2026-08-08,5189,THB
2026-08-03,BKK-DAD,BKK,DAD,Vietnam,Da Nang,2026-08-09,4658,THB
2026-08-03,BKK-DAD,BKK,DAD,Vietnam,Da Nang,2026-08-10,4674,THB
2026-08-03,BKK-DAD,BKK,DAD,Vietnam,Da Nang,2026-08-11,4587,THB
2026-08-03,BKK-DAD,BKK,DAD,Vietnam,Da Nang,2026-08-12,4908,THB
2026-08-03,BKK-DAD,BKK,DAD,Vietnam,Da Nang,2026-08-13,4792,THB
2026-08-03,BKK-DAD,BKK,DAD,Vietnam,Da Nang,2026-08-14,4793,THB
2026-08-03,BKK-DAD,BKK,DAD,Vietnam,Da Nang,2026-08-15,5046,THB
2026-08-03,BKK-DAD,BKK,DAD,Vietnam,Da Nang,2026-08-16,4799,THB
2026-08-03,BKK-DAD,BKK,DAD,Vietnam,Da Nang,2026-08-17,4818,THB
2026-08-03,BKK-DAD,BKK,DAD,Vietnam,Da Nang,2026-08-18,4554,THB
2026-08-03,BKK-DAD,BKK,DAD,Vietnam,Da Nang,2026-08-19,4597,THB
2026-08-03,BKK-DAD,BKK,DAD,Vietnam,Da Nang,2026-08-20,4912,THB
2026-08-03,BKK-DAD,BKK,DAD,Vietnam,Da Nang,2026-08-21,4778,THB
2026-08-03,BKK-DAD,BKK,DAD,Vietnam,Da Nang,2026-08-22,4932,THB
2026-08-03,BKK-DAD,BKK,DAD,Vietnam,Da Nang,2026-08-23,4601,THB
2026-08-03,BKK-DAD,BKK,DAD,Vietnam,Da Nang,2026-08-24,4636,THB
2026-08-03,BKK-DAD,BKK,DAD,Vietnam,Da Nang,2026-08-25,4621,THB
2026-08-03,BKK-DAD,BKK,DAD,Vietnam,Da Nang,2026-08-26,4600,THB
2026-08-03,BKK-DAD,BKK,DAD,Vietnam,Da Nang,2026-08-27,4577,THB
2026-08-03,BKK-DAD,BKK,DAD,Vietnam,Da Nang,2026-08-28,4951,THB
2026-08-03,BKK-DAD,BKK,DAD,Vietnam,Da Nang,2026-08-29,4794,THB
2026-08-03,BKK-DAD,BKK,DAD,Vietnam,Da Nang,2026-08-30,4476,THB
2026-08-03,BKK-DAD,BKK,DAD,Vietnam,Da Nang,2026-08-31,4645,THB
2026-08-03,BKK-DAD,BKK,DAD,Vietnam,Da Nang,2026-09-01,4273,THB
2026-08-03,BKK-DAD,BKK,DAD,Vietnam,Da Nang,2026-09-03,4561,THB
2026-08-03,BKK-DAD,BKK,DAD,Vietnam,Da Nang,2026-09-04,4596,THB
2026-08-03,BKK-DAD,BKK,DAD,Vietnam,Da Nang,2026-09-05,4732,THB
2026-08-03,BKK-DAD,BKK,DAD,Vietnam,Da Nang,2026-09-06,4559,THB
2026-08-03,BKK-DAD,BKK,DAD,Vietnam,Da Nang,2026-09-07,4596,THB
2026-08-03,BKK-DAD,BKK,DAD,Vietnam,Da Nang,2026-09-08,5110,THB
2026-08-03,BKK-DAD,BKK,DAD,Vietnam,Da Nang,2026-09-09,4574,THB
2026-08-03,BKK-DAD,BKK,DAD,Vietnam,Da Nang,2026-09-10,4574,THB
2026-08-03,BKK-DAD,BKK,DAD,Vietnam,Da Nang,2026-09-11,4712,THB
2026-08-03,BKK-DAD,BKK,DAD,Vietnam,Da Nang,2026-09-12,4585,THB
2026-08-03,BKK-DAD,BKK,DAD,Vietnam,Da Nang,2026-09-13,4601,THB
2026-08-03,BKK-DAD,BKK,DAD,Vietnam,Da Nang,2026-09-14,4561,THB
2026-08-03,BKK-DAD,BKK,DAD,Vietnam,Da Nang,2026-09-15,4596,THB
2026-08-03,BKK-DAD,BKK,DAD,Vietnam,Da Nang,2026-09-16,4561,THB
2026-08-03,BKK-DAD,BKK,DAD,Vietnam,Da Nang,2026-09-17,4561,THB
2026-08-03,BKK-DAD,BKK,DAD,Vietnam,Da Nang,2026-09-18,4596,THB
2026-08-03,BKK-DAD,BKK,DAD,Vietnam,Da Nang,2026-09-21,4561,THB
2026-08-03,BKK-DAD,BKK,DAD,Vietnam,Da Nang,2026-09-23,4742,THB
2026-08-03,BKK-DAD,BKK,DAD,Vietnam,Da Nang,2026-09-24,4572,THB
2026-08-03,BKK-DAD,BKK,DAD,Vietnam,Da Nang,2026-09-25,4546,THB
2026-08-03,BKK-DAD,BKK,DAD,Vietnam,Da Nang,2026-09-28,4066,THB
2026-08-03,BKK-DAD,BKK,DAD,Vietnam,Da Nang,2026-09-29,4507,THB
2026-08-03,BKK-DAD,BKK,DAD,Vietnam,Da Nang,2026-10-03,4954,THB
2026-08-03,BKK-DAD,BKK,DAD,Vietnam,Da Nang,2026-10-05,4581,THB
2026-08-03,BKK-DAD,BKK,DAD,Vietnam,Da Nang,2026-10-07,4583,THB
2026-08-03,BKK-DAD,BKK,DAD,Vietnam,Da Nang,2026-10-08,4776,THB
2026-08-03,BKK-DAD,BKK,DAD,Vietnam,Da Nang,2026-10-09,5303,THB
2026-08-03,BKK-DAD,BKK,DAD,Vietnam,Da Nang,2026-10-10,4988,THB
2026-08-03,BKK-DAD,BKK,DAD,Vietnam,Da Nang,2026-10-11,4863,THB
2026-08-03,BKK-DAD,BKK,DAD,Vietnam,Da Nang,2026-10-12,4596,THB
2026-08-03,BKK-DAD,BKK,DAD,Vietnam,Da Nang,2026-10-13,5301,THB
2026-08-03,BKK-DAD,BKK,DAD,Vietnam,Da Nang,2026-10-14,4570,THB
2026-08-03,BKK-DAD,BKK,DAD,Vietnam,Da Nang,2026-10-18,5074,THB
2026-08-03,BKK-DAD,BKK,DAD,Vietnam,Da Nang,2026-10-19,4757,THB
2026-08-03,BKK-DAD,BKK,DAD,Vietnam,Da Nang,2026-10-23,5801,THB
2026-08-03,BKK-DAD,BKK,DAD,Vietnam,Da Nang,2026-10-24,4953,THB
2026-08-03,BKK-DAD,BKK,DAD,Vietnam,Da Nang,2026-10-25,4961,THB
2026-08-03,BKK-DAD,BKK,DAD,Vietnam,Da Nang,2026-10-26,4767,THB
2026-08-03,BKK-DAD,BKK,DAD,Vietnam,Da Nang,2026-10-28,4763,THB
2026-08-03,BKK-DAD,BKK,DAD,Vietnam,Da Nang,2026-10-31,5306,THB
2026-08-03,BKK-DAD,BKK,DAD,Vietnam,Da Nang,2026-11-03,4559,THB
2026-08-03,BKK-DAD,BKK,DAD,Vietnam,Da Nang,2026-11-05,4670,THB
2026-08-03,BKK-DAD,BKK,DAD,Vietnam,Da Nang,2026-11-06,5418,THB
2026-08-03,BKK-DAD,BKK,DAD,Vietnam,Da Nang,2026-11-08,4549,THB
2026-08-03,BKK-DAD,BKK,DAD,Vietnam,Da Nang,2026-11-09,4977,THB
2026-08-03,BKK-DAD,BKK,DAD,Vietnam,Da Nang,2026-11-11,4531,THB
2026-08-03,BKK-DAD,BKK,DAD,Vietnam,Da Nang,2026-11-16,4505,THB
2026-08-03,BKK-DAD,BKK,DAD,Vietnam,Da Nang,2026-11-17,5874,THB
2026-08-03,BKK-DAD,BKK,DAD,Vietnam,Da Nang,2026-11-19,5824,THB
2026-08-03,BKK-DAD,BKK,DAD,Vietnam,Da Nang,2026-11-22,4557,THB
2026-08-03,BKK-DAD,BKK,DAD,Vietnam,Da Nang,2026-11-23,4568,THB
2026-08-03,BKK-DAD,BKK,DAD,Vietnam,Da Nang,2026-12-01,5404,THB
2026-08-03,BKK-DAD,BKK,DAD,Vietnam,Da Nang,2026-12-02,5207,THB
2026-08-03,BKK-DAD,BKK,DAD,Vietnam,Da Nang,2026-12-05,6505,THB
2026-08-03,BKK-DAD,BKK,DAD,Vietnam,Da Nang,2026-12-07,5441,THB
2026-08-03,BKK-DAD,BKK,DAD,Vietnam,Da Nang,2026-12-08,4756,THB
2026-08-03,BKK-DAD,BKK,DAD,Vietnam,Da Nang,2026-12-15,5523,THB
2026-08-03,BKK-DAD,BKK,DAD,Vietnam,Da Nang,2026-12-18,6348,THB
2026-08-03,BKK-DAD,BKK,DAD,Vietnam,Da Nang,2026-12-19,6243,THB
2026-08-03,BKK-DAD,BKK,DAD,Vietnam,Da Nang,2026-12-20,5360,THB
2026-08-03,BKK-DAD,BKK,DAD,Vietnam,Da Nang,2026-12-21,6450,THB
2026-08-03,BKK-DAD,BKK,DAD,Vietnam,Da Nang,2026-12-22,5960,THB
2026-08-03,BKK-DAD,BKK,DAD,Vietnam,Da Nang,2026-12-23,6450,THB
2026-08-03,BKK-DAD,BKK,DAD,Vietnam,Da Nang,2026-12-26,6460,THB
2026-08-03,BKK-DAD,BKK,DAD,Vietnam,Da Nang,2026-12-27,6455,THB
2026-08-03,BKK-DAD,BKK,DAD,Vietnam,Da Nang,2026-12-28,6175,THB
2026-08-03,BKK-DAD,BKK,DAD,Vietnam,Da Nang,2026-12-29,5823,THB
2026-08-03,BKK-DAD,BKK,DAD,Vietnam,Da Nang,2026-12-30,6450,THB
2026-08-03,BKK-DAD,BKK,DAD,Vietnam,Da Nang,2026-12-31,6075,THB
2026-08-03,BKK-DAD,BKK,DAD,Vietnam,Da Nang,2027-01-01,6564,THB
2026-08-03,BKK-DAD,BKK,DAD,Vietnam,Da Nang,2027-01-03,5014,THB
2026-08-03,BKK-DAD,BKK,DAD,Vietnam,Da Nang,2027-01-05,5306,THB
2026-08-03,BKK-DAD,BKK,DAD,Vietnam,Da Nang,2027-01-06,4564,THB
2026-08-03,BKK-DAD,BKK,DAD,Vietnam,Da Nang,2027-01-07,4979,THB
2026-08-03,BKK-DAD,BKK,DAD,Vietnam,Da Nang,2027-01-08,5719,THB
2026-08-03,BKK-DAD,BKK,DAD,Vietnam,Da Nang,2027-01-09,4869,THB
2026-08-03,BKK-DAD,BKK,DAD,Vietnam,Da Nang,2027-01-11,4596,THB
2026-08-03,BKK-DAD,BKK,DAD,Vietnam,Da Nang,2027-01-12,4492,THB
2026-08-03,BKK-DAD,BKK,DAD,Vietnam,Da Nang,2027-01-13,5000,THB
2026-08-03,BKK-DAD,BKK,DAD,Vietnam,Da Nang,2027-01-18,4776,THB
2026-08-03,BKK-DAD,BKK,DAD,Vietnam,Da Nang,2027-01-20,4386,THB
2026-08-03,BKK-DAD,BKK,DAD,Vietnam,Da Nang,2027-01-21,4750,THB
2026-08-03,BKK-DAD,BKK,DAD,Vietnam,Da Nang,2027-01-22,5168,THB
2026-08-03,BKK-DAD,BKK,DAD,Vietnam,Da Nang,2027-01-23,5305,THB
2026-08-03,BKK-DAD,BKK,DAD,Vietnam,Da Nang,2027-01-25,5106,THB
2026-08-03,BKK-DAD,BKK,DAD,Vietnam,Da Nang,2027-01-26,4564,THB
2026-08-03,BKK-DAD,BKK,DAD,Vietnam,Da Nang,2027-01-27,4558,THB
2026-08-03,BKK-DAD,BKK,DAD,Vietnam,Da Nang,2027-01-28,5748,THB
2026-08-03,BKK-DAD,BKK,DAD,Vietnam,Da Nang,2027-01-29,5209,THB
2026-08-03,BKK-DAD,BKK,DAD,Vietnam,Da Nang,2027-01-31,5599,THB
2026-08-03,BKK-DAD,BKK,DAD,Vietnam,Da Nang,2027-02-01,4470,THB
2026-08-03,BKK-DAD,BKK,DAD,Vietnam,Da Nang,2027-02-03,5335,THB
2026-08-03,BKK-DAD,BKK,DAD,Vietnam,Da Nang,2027-02-04,4853,THB
2026-08-03,BKK-DAD,BKK,DAD,Vietnam,Da Nang,2027-02-06,5480,THB
2026-08-03,BKK-DAD,BKK,DAD,Vietnam,Da Nang,2027-02-07,4923,THB
2026-08-03,BKK-DAD,BKK,DAD,Vietnam,Da Nang,2027-02-09,5640,THB
2026-08-03,BKK-DAD,BKK,DAD,Vietnam,Da Nang,2027-02-10,4991,THB
2026-08-03,BKK-DAD,BKK,DAD,Vietnam,Da Nang,2027-02-14,6446,THB
2026-08-03,BKK-DAD,BKK,DAD,Vietnam,Da Nang,2027-02-15,5503,THB
2026-08-03,BKK-DAD,BKK,DAD,Vietnam,Da Nang,2027-02-16,4736,THB
2026-08-03,BKK-DAD,BKK,DAD,Vietnam,Da Nang,2027-02-18,5259,THB
2026-08-03,BKK-DAD,BKK,DAD,Vietnam,Da Nang,2027-02-20,6085,THB
2026-08-03,BKK-DAD,BKK,DAD,Vietnam,Da Nang,2027-02-21,4860,THB
2026-08-03,BKK-DAD,BKK,DAD,Vietnam,Da Nang,2027-02-22,4561,THB
2026-08-03,BKK-DAD,BKK,DAD,Vietnam,Da Nang,2027-02-23,4769,THB
2026-08-03,BKK-DAD,BKK,DAD,Vietnam,Da Nang,2027-02-24,4769,THB
2026-08-03,BKK-DAD,BKK,DAD,Vietnam,Da Nang,2027-02-25,5419,THB
2026-08-03,BKK-DAD,BKK,DAD,Vietnam,Da Nang,2027-02-28,4757,THB
2026-08-03,BKK-DAD,BKK,DAD,Vietnam,Da Nang,2027-03-01,4769,THB
2026-08-03,BKK-DAD,BKK,DAD,Vietnam,Da Nang,2027-03-02,4921,THB
2026-08-03,BKK-DAD,BKK,DAD,Vietnam,Da Nang,2027-03-03,4946,THB
2026-08-03,BKK-DAD,BKK,DAD,Vietnam,Da Nang,2027-03-08,5844,THB
2026-08-03,BKK-DAD,BKK,DAD,Vietnam,Da Nang,2027-03-09,6181,THB
2026-08-03,BKK-DAD,BKK,DAD,Vietnam,Da Nang,2027-03-10,6181,THB
2026-08-03,BKK-DAD,BKK,DAD,Vietnam,Da Nang,2027-03-13,6526,THB
2026-08-03,BKK-DAD,BKK,DAD,Vietnam,Da Nang,2027-03-15,4937,THB
2026-08-03,BKK-DAD,BKK,DAD,Vietnam,Da Nang,2027-03-17,4991,THB
2026-08-03,BKK-DAD,BKK,DAD,Vietnam,Da Nang,2027-03-29,6396,THB
2026-08-03,BKK-DAD,BKK,DAD,Vietnam,Da Nang,2027-04-13,6938,THB
2026-08-03,BKK-DAD,BKK,DAD,Vietnam,Da Nang,2027-04-18,4975,THB
2026-08-03,BKK-DAD,BKK,DAD,Vietnam,Da Nang,2027-04-19,4975,THB
2026-08-03,BKK-DAD,BKK,DAD,Vietnam,Da Nang,2027-07-07,5457,THB
